target_image,pair_image,audio,stimulus_type,condition,sentence_template,target_onset,group,speaker,expt_practice,audio_duration
rollerskate.jpg,cow.jpg,practice1_N_sk.wav,practice,practice,NA,NA,practice,native,yes,3697
glasses.jpg,bird2.jpg,practice2_N_sk.wav,practice,practice,NA,NA,practice,native,yes,2871
rollerskate.jpg,cow.jpg,practice1_NN_sk.wav,practice,practice,NA,NA,practice,non-native,yes,4667
glasses.jpg,bird2.jpg,practice2_NN_sk.wav,practice,practice,NA,NA,practice,non-native,yes,3581
toothbrush.jpg,bench.jpg,T_1_LFF_A_N_sk.wav,target,LFF,1F,2174,groupA,native,NA,3199
blimp.jpg,shoe.jpg,T_2_LFF_A_N_sk.wav,target,LFF,2F,2106,groupA,native,NA,3102
globe.jpg,chair.jpg,T_3_LFF_A_N_sk.wav,target,LFF,3F,2121,groupA,native,NA,2788
funnel.jpg,star.jpg,T_4_LFF_A_N_sk.wav,target,LFF,1F,2174,groupA,native,NA,2760
unicorn.jpg,telephone.jpg,T_5_LFF_A_N_sk.wav,target,LFF,2F,2106,groupA,native,NA,2998
cactus.jpg,tooth.jpg,T_6_LFF_A_N_sk.wav,target,LFF,3F,2121,groupA,native,NA,2876
earring.jpg,ball.jpg,T_7_LFF_A_N_sk.wav,target,LFF,1F,2174,groupA,native,NA,3102
palmtree.jpg,flower.jpg,T_8_LFF_A_N_sk.wav,target,LFF,2F,2106,groupA,native,NA,2776
highchair.jpg,table.jpg,T_1_LFD_A_N_sk.wav,target,LFD,1D,3505,groupA,native,NA,4904
sewingmachine.jpg,factory.jpg,T_2_LFD_A_N_sk.wav,target,LFD,2D,3562,groupA,native,NA,4629
wheelbarrow.jpg,stairs.jpg,T_3_LFD_A_N_sk.wav,target,LFD,3D,3638,groupA,native,NA,4393
igloo.jpg,rain.jpg,T_4_LFD_A_N_sk.wav,target,LFD,1D,3505,groupA,native,NA,4075
swing.jpg,wall.jpg,T_5_LFD_A_N_sk.wav,target,LFD,2D,3562,groupA,native,NA,4470
pineapple.jpg,bridge.jpg,T_6_LFD_A_N_sk.wav,target,LFD,3D,3638,groupA,native,NA,4427
typewriter.jpg,cigarette.jpg,T_7_LFD_A_N_sk.wav,target,LFD,1D,3505,groupA,native,NA,4679
vacuum.jpg,king.jpg,T_8_LFD_A_N_sk.wav,target,LFD,2D,3562,groupA,native,NA,4495
bottle.jpg,saw.jpg,T_1_HFF_A_N_sk.wav,target,HFF,1F,2174,groupA,native,NA,2700
sun.jpg,harp.jpg,T_2_HFF_A_N_sk.wav,target,HFF,2F,2106,groupA,native,NA,2808
moon.jpg,fan.jpg,T_3_HFF_A_N_sk.wav,target,HFF,3F,2121,groupA,native,NA,2833
car.jpg,alligator.jpg,T_4_HFF_A_N_sk.wav,target,HFF,1F,2174,groupA,native,NA,2729
baby.jpg,rhinoceros.jpg,T_5_HFF_A_N_sk.wav,target,HFF,2F,2106,groupA,native,NA,2946
bus.jpg,snowman.jpg,T_6_HFF_A_N_sk.wav,target,HFF,3F,2121,groupA,native,NA,2944
arm.jpg,ostrich.jpg,T_7_HFF_A_N_sk.wav,target,HFF,2F,2106,groupA,native,NA,2564
train.jpg,pumpkin.jpg,T_8_HFF_A_N_sk.wav,target,HFF,3F,2121,groupA,native,NA,2789
dog.jpg,hose.jpg,T_1_HFD_A_N_sk.wav,target,HFD,1D,3505,groupA,native,NA,4011
church.jpg,snail.jpg,T_2_HFD_A_N_sk.wav,target,HFD,2D,3562,groupA,native,NA,4205
nose.jpg,wateringcan.jpg,T_3_HFD_A_N_sk.wav,target,HFD,3D,3638,groupA,native,NA,4307
door.jpg,strawberry.jpg,T_4_HFD_A_N_sk.wav,target,HFD,1D,3505,groupA,native,NA,4152
fish.jpg,dolphin.jpg,T_5_HFD_A_N_sk.wav,target,HFD,2D,3562,groupA,native,NA,4213
hand.jpg,bat.jpg,T_6_HFD_A_N_sk.wav,target,HFD,3D,3638,groupA,native,NA,4149
eye.jpg,puzzle.jpg,T_7_HFD_A_N_sk.wav,target,HFD,2D,3562,groupA,native,NA,4087
tree.jpg,dinosaur.jpg,T_8_HFD_A_N_sk.wav,target,HFD,3D,3638,groupA,native,NA,4448
raccoon.jpg,smoke.jpg,F_1_LFD_N_sk.wav,filler,LFD,original,NA,groupA,native,NA,304018
jumprope.jpg,house.jpg,F_2_LFD_N_sk.wav,filler,LFD,original,NA,groupA,native,NA,4566
radish.jpg,bread.jpg,F_3_LFD_N_sk.wav,filler,LFD,original,NA,groupA,native,NA,5560
pick.jpg,bride.jpg,F_4_LFD_N_sk.wav,filler,LFD,original,NA,groupA,native,NA,3943
pencilsharpener.jpg,bird.jpg,F_5_LFD_N_sk.wav,filler,LFD,original,NA,groupA,native,NA,4578
tripod.jpg,ear.jpg,F_6_LFD_N_sk.wav,filler,LFD,original,NA,groupA,native,NA,4800
seahorse.jpg,paper.jpg,F_7_LFD_N_sk.wav,filler,LFD,original,NA,groupA,native,NA,4705
ladle.jpg,butter.jpg,F_8_LFD_N_sk.wav,filler,LFD,original,NA,groupA,native,NA,4241
firehydrant.jpg,doctor.jpg,F_9_LFD_N_sk.wav,filler,LFD,original,NA,groupA,native,NA,4528
kangaroo.jpg,wood.jpg,F_10_LFD_N_sk.wav,filler,LFD,original,NA,groupA,native,NA,5093
crib.jpg,road.jpg,F_11_LFD_N_sk.wav,filler,LFD,original,NA,groupA,native,NA,4505
leopard.jpg,priest.jpg,F_12_LFD_N_sk.wav,filler,LFD,original,NA,groupA,native,NA,4528
ladybug.jpg,suitcase.jpg,F_13_LFD_N_sk.wav,filler,LFD,original,NA,groupA,native,NA,4154
drill.jpg,neck.jpg,F_14_LFD_N_sk.wav,filler,LFD,original,NA,groupA,native,NA,4042
brush.jpg,rose.jpg,F_15_LFD_N_sk.wav,filler,LFD,original,NA,groupA,native,NA,4578
walrus.jpg,net.jpg,F_16_LFD_N_sk.wav,filler,LFD,original,NA,groupA,native,NA,3656
wine.jpg,penguin.jpg,F_1_HFF_N_sk.wav,filler,HFF,original,NA,groupA,native,NA,2521
hat.jpg,peach.jpg,F_2_HFF_N_sk.wav,filler,HFF,original,NA,groupA,native,NA,2722
cheese.jpg,butterfly.jpg,F_3_HFF_N_sk.wav,filler,HFF,original,NA,groupA,native,NA,2461
floor.jpg,thimble.jpg,F_4_HFF_N_sk.wav,filler,HFF,original,NA,groupA,native,NA,2692
man.jpg,beaver.jpg,F_5_HFF_N_sk.wav,filler,HFF,original,NA,groupA,native,NA,2480
city.jpg,flute.jpg,F_6_HFF_N_sk.wav,filler,HFF,original,NA,groupA,native,NA,2506
bar.jpg,artichoke.jpg,F_7_HFF_N_sk.wav,filler,HFF,original,NA,groupA,native,NA,2529
woman.jpg,slide.jpg,F_8_HFF_N_sk.wav,filler,HFF,original,NA,groupA,native,NA,2559
book.jpg,antlers.jpg,F_9_HFF_N_sk.wav,filler,HFF,original,NA,groupA,native,NA,2521
piano.jpg,razor.jpg,F_10_HFF_N_sk.wav,filler,HFF,original,NA,groupA,native,NA,2645
horse.jpg,iron.jpg,F_11_HFF_N_sk.wav,filler,HFF,original,NA,groupA,native,NA,2559
glass.jpg,zebra.jpg,F_12_HFF_N_sk.wav,filler,HFF,original,NA,groupA,native,NA,2772
boy.jpg,anvil.jpg,F_13_HFF_N_sk.wav,filler,HFF,original,NA,groupA,native,NA,2658
fire.jpg,binoculars.jpg,F_14_HFF_N_sk.wav,filler,HFF,original,NA,groupA,native,NA,2739
lips.jpg,safetypin.jpg,F_15_HFF_N_sk.wav,filler,HFF,original,NA,groupA,native,NA,2593
rock.jpg,recordplayer.jpg,F_16_HFF_N_sk.wav,filler,HFF,original,NA,groupA,native,NA,2636
highchair.jpg,table.jpg,T_1_LFF_B_N_sk.wav,target,LFF,1F,2174,groupB,native,NA,3573
sewingmachine.jpg,factory.jpg,T_2_LFF_B_N_sk.wav,target,LFF,2F,2106,groupB,native,NA,3174
wheelbarrow.jpg,stairs.jpg,T_3_LFF_B_N_sk.wav,target,LFF,3F,2121,groupB,native,NA,2876
igloo.jpg,rain.jpg,T_4_LFF_B_N_sk.wav,target,LFF,1F,2174,groupB,native,NA,2745
swing.jpg,wall.jpg,T_5_LFF_B_N_sk.wav,target,LFF,2F,2106,groupB,native,NA,3015
pineapple.jpg,bridge.jpg,T_6_LFF_B_N_sk.wav,target,LFF,3F,2121,groupB,native,NA,2910
typewriter.jpg,cigarette.jpg,T_7_LFF_B_N_sk.wav,target,LFF,1F,2174,groupB,native,NA,3348
vacuum.jpg,king.jpg,T_8_LFF_B_N_sk.wav,target,LFF,2F,2106,groupB,native,NA,3039
toothbrush.jpg,bench.jpg,T_1_LFD_B_N_sk.wav,target,LFD,1D,3505,groupB,native,NA,4529
blimp.jpg,shoe.jpg,T_2_LFD_B_N_sk.wav,target,LFD,2D,3562,groupB,native,NA,4558
globe.jpg,chair.jpg,T_3_LFD_B_N_sk.wav,target,LFD,3D,3638,groupB,native,NA,4305
funnel.jpg,star.jpg,T_4_LFD_B_N_sk.wav,target,LFD,1D,3505,groupB,native,NA,4090
unicorn.jpg,telephone.jpg,T_5_LFD_B_N_sk.wav,target,LFD,2D,3562,groupB,native,NA,4453
cactus.jpg,tooth.jpg,T_6_LFD_B_N_sk.wav,target,LFD,3D,3638,groupB,native,NA,4475
earring.jpg,ball.jpg,T_7_LFD_B_N_sk.wav,target,LFD,1D,3505,groupB,native,NA,4432
palmtree.jpg,flower.jpg,T_8_LFD_B_N_sk.wav,target,LFD,2D,3562,groupB,native,NA,4323
dog.jpg,hose.jpg,T_1_HFF_B_N_sk.wav,target,HFF,1F,2174,groupB,native,NA,2681
church.jpg,snail.jpg,T_2_HFF_B_N_sk.wav,target,HFF,2F,2106,groupB,native,NA,2750
nose.jpg,wateringcan.jpg,T_3_HFF_B_N_sk.wav,target,HFF,3F,2121,groupB,native,NA,2790
door.jpg,strawberry.jpg,T_4_HFF_B_N_sk.wav,target,HFF,1F,2174,groupB,native,NA,2822
fish.jpg,dolphin.jpg,T_5_HFF_B_N_sk.wav,target,HFF,2F,2106,groupB,native,NA,2758
hand.jpg,bat.jpg,T_6_HFF_B_N_sk.wav,target,HFF,3F,2121,groupB,native,NA,2633
eye.jpg,puzzle.jpg,T_7_HFF_B_N_sk.wav,target,HFF,2F,2106,groupB,native,NA,2632
tree.jpg,dinosaur.jpg,T_8_HFF_B_N_sk.wav,target,HFF,3F,2121,groupB,native,NA,2931
bottle.jpg,saw.jpg,T_1_HFD_B_N_sk.wav,target,HFD,1D,3505,groupB,native,NA,4030
sun.jpg,harp.jpg,T_2_HFD_B_N_sk.wav,target,HFD,2D,3562,groupB,native,NA,4263
moon.jpg,fan.jpg,T_3_HFD_B_N_sk.wav,target,HFD,3D,3638,groupB,native,NA,4350
car.jpg,alligator.jpg,T_4_HFD_B_N_sk.wav,target,HFD,1D,3505,groupB,native,NA,4059
baby.jpg,rhinoceros.jpg,T_5_HFD_B_N_sk.wav,target,HFD,2D,3562,groupB,native,NA,4401
bus.jpg,snowman.jpg,T_6_HFD_B_N_sk.wav,target,HFD,3D,3638,groupB,native,NA,4460
arm.jpg,ostrich.jpg,T_7_HFD_B_N_sk.wav,target,HFD,2D,3562,groupB,native,NA,4019
train.jpg,pumpkin.jpg,T_8_HFD_B_N_sk.wav,target,HFD,3D,3638,groupB,native,NA,4305
raccoon.jpg,smoke.jpg,F_1_LFD_N_sk.wav,filler,LFD,original,NA,groupB,native,NA,304018
jumprope.jpg,house.jpg,F_2_LFD_N_sk.wav,filler,LFD,original,NA,groupB,native,NA,4566
radish.jpg,bread.jpg,F_3_LFD_N_sk.wav,filler,LFD,original,NA,groupB,native,NA,5560
pick.jpg,bride.jpg,F_4_LFD_N_sk.wav,filler,LFD,original,NA,groupB,native,NA,3943
pencilsharpener.jpg,bird.jpg,F_5_LFD_N_sk.wav,filler,LFD,original,NA,groupB,native,NA,4578
tripod.jpg,ear.jpg,F_6_LFD_N_sk.wav,filler,LFD,original,NA,groupB,native,NA,4800
seahorse.jpg,paper.jpg,F_7_LFD_N_sk.wav,filler,LFD,original,NA,groupB,native,NA,4705
ladle.jpg,butter.jpg,F_8_LFD_N_sk.wav,filler,LFD,original,NA,groupB,native,NA,4241
firehydrant.jpg,doctor.jpg,F_9_LFD_N_sk.wav,filler,LFD,original,NA,groupB,native,NA,4528
kangaroo.jpg,wood.jpg,F_10_LFD_N_sk.wav,filler,LFD,original,NA,groupB,native,NA,5093
crib.jpg,road.jpg,F_11_LFD_N_sk.wav,filler,LFD,original,NA,groupB,native,NA,4505
leopard.jpg,priest.jpg,F_12_LFD_N_sk.wav,filler,LFD,original,NA,groupB,native,NA,4528
ladybug.jpg,suitcase.jpg,F_13_LFD_N_sk.wav,filler,LFD,original,NA,groupB,native,NA,4154
drill.jpg,neck.jpg,F_14_LFD_N_sk.wav,filler,LFD,original,NA,groupB,native,NA,4042
brush.jpg,rose.jpg,F_15_LFD_N_sk.wav,filler,LFD,original,NA,groupB,native,NA,4578
walrus.jpg,net.jpg,F_16_LFD_N_sk.wav,filler,LFD,original,NA,groupB,native,NA,3656
wine.jpg,penguin.jpg,F_1_HFF_N_sk.wav,filler,HFF,original,NA,groupB,native,NA,2521
hat.jpg,peach.jpg,F_2_HFF_N_sk.wav,filler,HFF,original,NA,groupB,native,NA,2722
cheese.jpg,butterfly.jpg,F_3_HFF_N_sk.wav,filler,HFF,original,NA,groupB,native,NA,2461
floor.jpg,thimble.jpg,F_4_HFF_N_sk.wav,filler,HFF,original,NA,groupB,native,NA,2692
man.jpg,beaver.jpg,F_5_HFF_N_sk.wav,filler,HFF,original,NA,groupB,native,NA,2480
city.jpg,flute.jpg,F_6_HFF_N_sk.wav,filler,HFF,original,NA,groupB,native,NA,2506
bar.jpg,artichoke.jpg,F_7_HFF_N_sk.wav,filler,HFF,original,NA,groupB,native,NA,2529
woman.jpg,slide.jpg,F_8_HFF_N_sk.wav,filler,HFF,original,NA,groupB,native,NA,2559
book.jpg,antlers.jpg,F_9_HFF_N_sk.wav,filler,HFF,original,NA,groupB,native,NA,2521
piano.jpg,razor.jpg,F_10_HFF_N_sk.wav,filler,HFF,original,NA,groupB,native,NA,2645
horse.jpg,iron.jpg,F_11_HFF_N_sk.wav,filler,HFF,original,NA,groupB,native,NA,2559
glass.jpg,zebra.jpg,F_12_HFF_N_sk.wav,filler,HFF,original,NA,groupB,native,NA,2772
boy.jpg,anvil.jpg,F_13_HFF_N_sk.wav,filler,HFF,original,NA,groupB,native,NA,2658
fire.jpg,binoculars.jpg,F_14_HFF_N_sk.wav,filler,HFF,original,NA,groupB,native,NA,2739
lips.jpg,safetypin.jpg,F_15_HFF_N_sk.wav,filler,HFF,original,NA,groupB,native,NA,2593
rock.jpg,recordplayer.jpg,F_16_HFF_N_sk.wav,filler,HFF,original,NA,groupB,native,NA,2636
saw.jpg,bottle.jpg,T_1_LFF_C_N_sk.wav,target,LFF,1F,2174,groupC,native,NA,2703
harp.jpg,sun.jpg,T_2_LFF_C_N_sk.wav,target,LFF,2F,2106,groupC,native,NA,2847
fan.jpg,moon.jpg,T_3_LFF_C_N_sk.wav,target,LFF,3F,2121,groupC,native,NA,3108
alligator.jpg,car.jpg,T_4_LFF_C_N_sk.wav,target,LFF,1F,2174,groupC,native,NA,3016
rhinoceros.jpg,baby.jpg,T_5_LFF_C_N_sk.wav,target,LFF,2F,2106,groupC,native,NA,3241
snowman.jpg,bus.jpg,T_6_LFF_C_N_sk.wav,target,LFF,3F,2121,groupC,native,NA,3017
ostrich.jpg,arm.jpg,T_7_LFF_C_N_sk.wav,target,LFF,1F,2174,groupC,native,NA,2993
pumpkin.jpg,train.jpg,T_8_LFF_C_N_sk.wav,target,LFF,2F,2106,groupC,native,NA,2916
hose.jpg,dog.jpg,T_1_LFD_C_N_sk.wav,target,LFD,1D,3505,groupC,native,NA,4215
snail.jpg,church.jpg,T_2_LFD_C_N_sk.wav,target,LFD,2D,3562,groupC,native,NA,4425
wateringcan.jpg,nose.jpg,T_3_LFD_C_N_sk.wav,target,LFD,3D,3638,groupC,native,NA,4163
strawberry.jpg,door.jpg,T_4_LFD_C_N_sk.wav,target,LFD,1D,3505,groupC,native,NA,4344
dolphin.jpg,fish.jpg,T_5_LFD_C_N_sk.wav,target,LFD,2D,3562,groupC,native,NA,4253
bat.jpg,hand.jpg,T_6_LFD_C_N_sk.wav,target,LFD,3D,3638,groupC,native,NA,4510
puzzle.jpg,eye.jpg,T_7_LFD_C_N_sk.wav,target,LFD,1D,3505,groupC,native,NA,4215
dinosaur.jpg,tree.jpg,T_8_LFD_C_N_sk.wav,target,LFD,2D,3562,groupC,native,NA,4466
bench.jpg,toothbrush.jpg,T_1_HFF_C_N_sk.wav,target,HFF,1F,2174,groupC,native,NA,2917
shoe.jpg,blimp.jpg,T_2_HFF_C_N_sk.wav,target,HFF,2F,2106,groupC,native,NA,2937
chair.jpg,globe.jpg,T_3_HFF_C_N_sk.wav,target,HFF,3F,2121,groupC,native,NA,2989
star.jpg,funnel.jpg,T_4_HFF_C_N_sk.wav,target,HFF,1F,2174,groupC,native,NA,2870
telephone.jpg,unicorn.jpg,T_5_HFF_C_N_sk.wav,target,HFF,2F,2106,groupC,native,NA,2907
tooth.jpg,cactus.jpg,T_6_HFF_C_N_sk.wav,target,HFF,3F,2121,groupC,native,NA,2757
ball.jpg,earring.jpg,T_7_HFF_C_N_sk.wav,target,HFF,2F,2106,groupC,native,NA,2793
flower.jpg,palmtree.jpg,T_8_HFF_C_N_sk.wav,target,HFF,3F,2121,groupC,native,NA,2714
table.jpg,highchair.jpg,T_1_HFD_C_N_sk.wav,target,HFD,1D,3505,groupC,native,NA,4118
factory.jpg,sewingmachine.jpg,T_2_HFD_C_N_sk.wav,target,HFD,2D,3562,groupC,native,NA,4288
stairs.jpg,wheelbarrow.jpg,T_3_HFD_C_N_sk.wav,target,HFD,3D,3638,groupC,native,NA,4317
rain.jpg,igloo.jpg,T_4_HFD_C_N_sk.wav,target,HFD,1D,3505,groupC,native,NA,4198
wall.jpg,swing.jpg,T_5_HFD_C_N_sk.wav,target,HFD,2D,3562,groupC,native,NA,4319
bridge.jpg,pineapple.jpg,T_6_HFD_C_N_sk.wav,target,HFD,3D,3638,groupC,native,NA,4346
cigarette.jpg,typewriter.jpg,T_7_HFD_C_N_sk.wav,target,HFD,2D,3562,groupC,native,NA,4390
king.jpg,vacuum.jpg,T_8_HFD_C_N_sk.wav,target,HFD,3D,3638,groupC,native,NA,4302
raccoon.jpg,smoke.jpg,F_1_LFD_N_sk.wav,filler,LFD,original,NA,groupC,native,NA,304018
jumprope.jpg,house.jpg,F_2_LFD_N_sk.wav,filler,LFD,original,NA,groupC,native,NA,4566
radish.jpg,bread.jpg,F_3_LFD_N_sk.wav,filler,LFD,original,NA,groupC,native,NA,5560
pick.jpg,bride.jpg,F_4_LFD_N_sk.wav,filler,LFD,original,NA,groupC,native,NA,3943
pencilsharpener.jpg,bird.jpg,F_5_LFD_N_sk.wav,filler,LFD,original,NA,groupC,native,NA,4578
tripod.jpg,ear.jpg,F_6_LFD_N_sk.wav,filler,LFD,original,NA,groupC,native,NA,4800
seahorse.jpg,paper.jpg,F_7_LFD_N_sk.wav,filler,LFD,original,NA,groupC,native,NA,4705
ladle.jpg,butter.jpg,F_8_LFD_N_sk.wav,filler,LFD,original,NA,groupC,native,NA,4241
firehydrant.jpg,doctor.jpg,F_9_LFD_N_sk.wav,filler,LFD,original,NA,groupC,native,NA,4528
kangaroo.jpg,wood.jpg,F_10_LFD_N_sk.wav,filler,LFD,original,NA,groupC,native,NA,5093
crib.jpg,road.jpg,F_11_LFD_N_sk.wav,filler,LFD,original,NA,groupC,native,NA,4505
leopard.jpg,priest.jpg,F_12_LFD_N_sk.wav,filler,LFD,original,NA,groupC,native,NA,4528
ladybug.jpg,suitcase.jpg,F_13_LFD_N_sk.wav,filler,LFD,original,NA,groupC,native,NA,4154
drill.jpg,neck.jpg,F_14_LFD_N_sk.wav,filler,LFD,original,NA,groupC,native,NA,4042
brush.jpg,rose.jpg,F_15_LFD_N_sk.wav,filler,LFD,original,NA,groupC,native,NA,4578
walrus.jpg,net.jpg,F_16_LFD_N_sk.wav,filler,LFD,original,NA,groupC,native,NA,3656
wine.jpg,penguin.jpg,F_1_HFF_N_sk.wav,filler,HFF,original,NA,groupC,native,NA,2521
hat.jpg,peach.jpg,F_2_HFF_N_sk.wav,filler,HFF,original,NA,groupC,native,NA,2722
cheese.jpg,butterfly.jpg,F_3_HFF_N_sk.wav,filler,HFF,original,NA,groupC,native,NA,2461
floor.jpg,thimble.jpg,F_4_HFF_N_sk.wav,filler,HFF,original,NA,groupC,native,NA,2692
man.jpg,beaver.jpg,F_5_HFF_N_sk.wav,filler,HFF,original,NA,groupC,native,NA,2480
city.jpg,flute.jpg,F_6_HFF_N_sk.wav,filler,HFF,original,NA,groupC,native,NA,2506
bar.jpg,artichoke.jpg,F_7_HFF_N_sk.wav,filler,HFF,original,NA,groupC,native,NA,2529
woman.jpg,slide.jpg,F_8_HFF_N_sk.wav,filler,HFF,original,NA,groupC,native,NA,2559
book.jpg,antlers.jpg,F_9_HFF_N_sk.wav,filler,HFF,original,NA,groupC,native,NA,2521
piano.jpg,razor.jpg,F_10_HFF_N_sk.wav,filler,HFF,original,NA,groupC,native,NA,2645
horse.jpg,iron.jpg,F_11_HFF_N_sk.wav,filler,HFF,original,NA,groupC,native,NA,2559
glass.jpg,zebra.jpg,F_12_HFF_N_sk.wav,filler,HFF,original,NA,groupC,native,NA,2772
boy.jpg,anvil.jpg,F_13_HFF_N_sk.wav,filler,HFF,original,NA,groupC,native,NA,2658
fire.jpg,binoculars.jpg,F_14_HFF_N_sk.wav,filler,HFF,original,NA,groupC,native,NA,2739
lips.jpg,safetypin.jpg,F_15_HFF_N_sk.wav,filler,HFF,original,NA,groupC,native,NA,2593
rock.jpg,recordplayer.jpg,F_16_HFF_N_sk.wav,filler,HFF,original,NA,groupC,native,NA,2636
hose.jpg,dog.jpg,T_1_LFF_D_N_sk.wav,target,LFF,1F,2174,groupD,native,NA,2885
snail.jpg,church.jpg,T_2_LFF_D_N_sk.wav,target,LFF,2F,2106,groupD,native,NA,2970
wateringcan.jpg,nose.jpg,T_3_LFF_D_N_sk.wav,target,LFF,3F,2121,groupD,native,NA,2646
strawberry.jpg,door.jpg,T_4_LFF_D_N_sk.wav,target,LFF,1F,2174,groupD,native,NA,3013
dolphin.jpg,fish.jpg,T_5_LFF_D_N_sk.wav,target,LFF,2F,2106,groupD,native,NA,2798
bat.jpg,hand.jpg,T_6_LFF_D_N_sk.wav,target,LFF,3F,2121,groupD,native,NA,2994
puzzle.jpg,eye.jpg,T_7_LFF_D_N_sk.wav,target,LFF,1F,2174,groupD,native,NA,2884
dinosaur.jpg,tree.jpg,T_8_LFF_D_N_sk.wav,target,LFF,2F,2106,groupD,native,NA,3011
saw.jpg,bottle.jpg,T_1_LFD_D_N_sk.wav,target,LFD,1D,3505,groupD,native,NA,4034
harp.jpg,sun.jpg,T_2_LFD_D_N_sk.wav,target,LFD,2D,3562,groupD,native,NA,4302
fan.jpg,moon.jpg,T_3_LFD_D_N_sk.wav,target,LFD,3D,3638,groupD,native,NA,4625
alligator.jpg,car.jpg,T_4_LFD_D_N_sk.wav,target,LFD,1D,3505,groupD,native,NA,4346
rhinoceros.jpg,baby.jpg,T_5_LFD_D_N_sk.wav,target,LFD,2D,3562,groupD,native,NA,4697
snowman.jpg,bus.jpg,T_6_LFD_D_N_sk.wav,target,LFD,3D,3638,groupD,native,NA,4633
ostrich.jpg,arm.jpg,T_7_LFD_D_N_sk.wav,target,LFD,1D,3505,groupD,native,NA,4323
pumpkin.jpg,train.jpg,T_8_LFD_D_N_sk.wav,target,LFD,2D,3562,groupD,native,NA,4371
table.jpg,highchair.jpg,T_1_HFF_D_N_sk.wav,target,HFF,1F,2174,groupD,native,NA,2787
factory.jpg,sewingmachine.jpg,T_2_HFF_D_N_sk.wav,target,HFF,2F,2106,groupD,native,NA,2833
stairs.jpg,wheelbarrow.jpg,T_3_HFF_D_N_sk.wav,target,HFF,3F,2121,groupD,native,NA,2800
rain.jpg,igloo.jpg,T_4_HFF_D_N_sk.wav,target,HFF,1F,2174,groupD,native,NA,2868
wall.jpg,swing.jpg,T_5_HFF_D_N_sk.wav,target,HFF,2F,2106,groupD,native,NA,2863
bridge.jpg,pineapple.jpg,T_6_HFF_D_N_sk.wav,target,HFF,3F,2121,groupD,native,NA,2830
cigarette.jpg,typewriter.jpg,T_7_HFF_D_N_sk.wav,target,HFF,2F,2106,groupD,native,NA,2935
king.jpg,vacuum.jpg,T_8_HFF_D_N_sk.wav,target,HFF,3F,2121,groupD,native,NA,2785
bench.jpg,toothbrush.jpg,T_1_HFD_D_N_sk.wav,target,HFD,1D,3505,groupD,native,NA,4248
shoe.jpg,blimp.jpg,T_2_HFD_D_N_sk.wav,target,HFD,2D,3562,groupD,native,NA,4393
chair.jpg,globe.jpg,T_3_HFD_D_N_sk.wav,target,HFD,3D,3638,groupD,native,NA,4506
star.jpg,funnel.jpg,T_4_HFD_D_N_sk.wav,target,HFD,1D,3505,groupD,native,NA,4200
telephone.jpg,unicorn.jpg,T_5_HFD_D_N_sk.wav,target,HFD,2D,3562,groupD,native,NA,4363
tooth.jpg,cactus.jpg,T_6_HFD_D_N_sk.wav,target,HFD,3D,3638,groupD,native,NA,4273
ball.jpg,earring.jpg,T_7_HFD_D_N_sk.wav,target,HFD,2D,3562,groupD,native,NA,4248
flower.jpg,palmtree.jpg,T_8_HFD_D_N_sk.wav,target,HFD,3D,3638,groupD,native,NA,4230
raccoon.jpg,smoke.jpg,F_1_LFD_N_sk.wav,filler,LFD,original,NA,groupD,native,NA,304018
jumprope.jpg,house.jpg,F_2_LFD_N_sk.wav,filler,LFD,original,NA,groupD,native,NA,4566
radish.jpg,bread.jpg,F_3_LFD_N_sk.wav,filler,LFD,original,NA,groupD,native,NA,5560
pick.jpg,bride.jpg,F_4_LFD_N_sk.wav,filler,LFD,original,NA,groupD,native,NA,3943
pencilsharpener.jpg,bird.jpg,F_5_LFD_N_sk.wav,filler,LFD,original,NA,groupD,native,NA,4578
tripod.jpg,ear.jpg,F_6_LFD_N_sk.wav,filler,LFD,original,NA,groupD,native,NA,4800
seahorse.jpg,paper.jpg,F_7_LFD_N_sk.wav,filler,LFD,original,NA,groupD,native,NA,4705
ladle.jpg,butter.jpg,F_8_LFD_N_sk.wav,filler,LFD,original,NA,groupD,native,NA,4241
firehydrant.jpg,doctor.jpg,F_9_LFD_N_sk.wav,filler,LFD,original,NA,groupD,native,NA,4528
kangaroo.jpg,wood.jpg,F_10_LFD_N_sk.wav,filler,LFD,original,NA,groupD,native,NA,5093
crib.jpg,road.jpg,F_11_LFD_N_sk.wav,filler,LFD,original,NA,groupD,native,NA,4505
leopard.jpg,priest.jpg,F_12_LFD_N_sk.wav,filler,LFD,original,NA,groupD,native,NA,4528
ladybug.jpg,suitcase.jpg,F_13_LFD_N_sk.wav,filler,LFD,original,NA,groupD,native,NA,4154
drill.jpg,neck.jpg,F_14_LFD_N_sk.wav,filler,LFD,original,NA,groupD,native,NA,4042
brush.jpg,rose.jpg,F_15_LFD_N_sk.wav,filler,LFD,original,NA,groupD,native,NA,4578
walrus.jpg,net.jpg,F_16_LFD_N_sk.wav,filler,LFD,original,NA,groupD,native,NA,3656
wine.jpg,penguin.jpg,F_1_HFF_N_sk.wav,filler,HFF,original,NA,groupD,native,NA,2521
hat.jpg,peach.jpg,F_2_HFF_N_sk.wav,filler,HFF,original,NA,groupD,native,NA,2722
cheese.jpg,butterfly.jpg,F_3_HFF_N_sk.wav,filler,HFF,original,NA,groupD,native,NA,2461
floor.jpg,thimble.jpg,F_4_HFF_N_sk.wav,filler,HFF,original,NA,groupD,native,NA,2692
man.jpg,beaver.jpg,F_5_HFF_N_sk.wav,filler,HFF,original,NA,groupD,native,NA,2480
city.jpg,flute.jpg,F_6_HFF_N_sk.wav,filler,HFF,original,NA,groupD,native,NA,2506
bar.jpg,artichoke.jpg,F_7_HFF_N_sk.wav,filler,HFF,original,NA,groupD,native,NA,2529
woman.jpg,slide.jpg,F_8_HFF_N_sk.wav,filler,HFF,original,NA,groupD,native,NA,2559
book.jpg,antlers.jpg,F_9_HFF_N_sk.wav,filler,HFF,original,NA,groupD,native,NA,2521
piano.jpg,razor.jpg,F_10_HFF_N_sk.wav,filler,HFF,original,NA,groupD,native,NA,2645
horse.jpg,iron.jpg,F_11_HFF_N_sk.wav,filler,HFF,original,NA,groupD,native,NA,2559
glass.jpg,zebra.jpg,F_12_HFF_N_sk.wav,filler,HFF,original,NA,groupD,native,NA,2772
boy.jpg,anvil.jpg,F_13_HFF_N_sk.wav,filler,HFF,original,NA,groupD,native,NA,2658
fire.jpg,binoculars.jpg,F_14_HFF_N_sk.wav,filler,HFF,original,NA,groupD,native,NA,2739
lips.jpg,safetypin.jpg,F_15_HFF_N_sk.wav,filler,HFF,original,NA,groupD,native,NA,2593
rock.jpg,recordplayer.jpg,F_16_HFF_N_sk.wav,filler,HFF,original,NA,groupD,native,NA,2636
toothbrush.jpg,bench.jpg,T_1_LFF_A_NN_sk.wav,target,LFF,1F,2255,groupA,non-native,NA,3937
blimp.jpg,shoe.jpg,T_2_LFF_A_NN_sk.wav,target,LFF,2F,2275,groupA,non-native,NA,3410
globe.jpg,chair.jpg,T_3_LFF_A_NN_sk.wav,target,LFF,3F,2278,groupA,non-native,NA,3186
funnel.jpg,star.jpg,T_4_LFF_A_NN_sk.wav,target,LFF,1F,2255,groupA,non-native,NA,3128
unicorn.jpg,telephone.jpg,T_5_LFF_A_NN_sk.wav,target,LFF,2F,2275,groupA,non-native,NA,3612
cactus.jpg,tooth.jpg,T_6_LFF_A_NN_sk.wav,target,LFF,3F,2278,groupA,non-native,NA,3216
earring.jpg,ball.jpg,T_7_LFF_A_NN_sk.wav,target,LFF,1F,2255,groupA,non-native,NA,3393
palmtree.jpg,flower.jpg,T_8_LFF_A_NN_sk.wav,target,LFF,2F,2275,groupA,non-native,NA,3028
highchair.jpg,table.jpg,T_1_LFD_A_NN_sk.wav,target,LFD,1D,3539,groupA,non-native,NA,5291
sewingmachine.jpg,factory.jpg,T_2_LFD_A_NN_sk.wav,target,LFD,2D,3741,groupA,non-native,NA,5334
wheelbarrow.jpg,stairs.jpg,T_3_LFD_A_NN_sk.wav,target,LFD,3D,3738,groupA,non-native,NA,4610
igloo.jpg,rain.jpg,T_4_LFD_A_NN_sk.wav,target,LFD,1D,3539,groupA,non-native,NA,4269
swing.jpg,wall.jpg,T_5_LFD_A_NN_sk.wav,target,LFD,2D,3741,groupA,non-native,NA,4654
pineapple.jpg,bridge.jpg,T_6_LFD_A_NN_sk.wav,target,LFD,3D,3738,groupA,non-native,NA,4718
typewriter.jpg,cigarette.jpg,T_7_LFD_A_NN_sk.wav,target,LFD,1D,3539,groupA,non-native,NA,5234
vacuum.jpg,king.jpg,T_8_LFD_A_NN_sk.wav,target,LFD,2D,3741,groupA,non-native,NA,5055
bottle.jpg,saw.jpg,T_1_HFF_A_NN_sk.wav,target,HFF,1F,2255,groupA,non-native,NA,2907
sun.jpg,harp.jpg,T_2_HFF_A_NN_sk.wav,target,HFF,2F,2275,groupA,non-native,NA,3080
moon.jpg,fan.jpg,T_3_HFF_A_NN_sk.wav,target,HFF,3F,2278,groupA,non-native,NA,3236
car.jpg,alligator.jpg,T_4_HFF_A_NN_sk.wav,target,HFF,1F,2255,groupA,non-native,NA,2948
baby.jpg,rhinoceros.jpg,T_5_HFF_A_NN_sk.wav,target,HFF,2F,2275,groupA,non-native,NA,3193
bus.jpg,snowman.jpg,T_6_HFF_A_NN_sk.wav,target,HFF,3F,2278,groupA,non-native,NA,3264
arm.jpg,ostrich.jpg,T_7_HFF_A_NN_sk.wav,target,HFF,2F,2275,groupA,non-native,NA,2919
train.jpg,pumpkin.jpg,T_8_HFF_A_NN_sk.wav,target,HFF,3F,2278,groupA,non-native,NA,2948
dog.jpg,hose.jpg,T_1_HFD_A_NN_sk.wav,target,HFD,1D,3539,groupA,non-native,NA,4040
church.jpg,snail.jpg,T_2_HFD_A_NN_sk.wav,target,HFD,2D,3741,groupA,non-native,NA,4464
nose.jpg,wateringcan.jpg,T_3_HFD_A_NN_sk.wav,target,HFD,3D,3738,groupA,non-native,NA,4385
door.jpg,strawberry.jpg,T_4_HFD_A_NN_sk.wav,target,HFD,1D,3539,groupA,non-native,NA,4188
fish.jpg,dolphin.jpg,T_5_HFD_A_NN_sk.wav,target,HFD,2D,3741,groupA,non-native,NA,4295
hand.jpg,bat.jpg,T_6_HFD_A_NN_sk.wav,target,HFD,3D,3738,groupA,non-native,NA,4581
eye.jpg,puzzle.jpg,T_7_HFD_A_NN_sk.wav,target,HFD,2D,3741,groupA,non-native,NA,4147
tree.jpg,dinosaur.jpg,T_8_HFD_A_NN_sk.wav,target,HFD,3D,3738,groupA,non-native,NA,4581
raccoon.jpg,smoke.jpg,F_1_LFD_NN_sk.wav,filler,LFD,original,NA,groupA,non-native,NA,7413
jumprope.jpg,house.jpg,F_2_LFD_NN_sk.wav,filler,LFD,original,NA,groupA,non-native,NA,6709
radish.jpg,bread.jpg,F_3_LFD_NN_sk.wav,filler,LFD,original,NA,groupA,non-native,NA,6549
pick.jpg,bride.jpg,F_4_LFD_NN_sk.wav,filler,LFD,original,NA,groupA,non-native,NA,4337
pencilsharpener.jpg,bird.jpg,F_5_LFD_NN_sk.wav,filler,LFD,original,NA,groupA,non-native,NA,6338
tripod.jpg,ear.jpg,F_6_LFD_NN_sk.wav,filler,LFD,original,NA,groupA,non-native,NA,6814
seahorse.jpg,paper.jpg,F_7_LFD_NN_sk.wav,filler,LFD,original,NA,groupA,non-native,NA,6609
ladle.jpg,butter.jpg,F_8_LFD_NN_sk.wav,filler,LFD,original,NA,groupA,non-native,NA,5313
firehydrant.jpg,doctor.jpg,F_9_LFD_NN_sk.wav,filler,LFD,original,NA,groupA,non-native,NA,6168
kangaroo.jpg,wood.jpg,F_10_LFD_NN_sk.wav,filler,LFD,original,NA,groupA,non-native,NA,7433
crib.jpg,road.jpg,F_11_LFD_NN_sk.wav,filler,LFD,original,NA,groupA,non-native,NA,6886
leopard.jpg,priest.jpg,F_12_LFD_NN_sk.wav,filler,LFD,original,NA,groupA,non-native,NA,5170
ladybug.jpg,suitcase.jpg,F_13_LFD_NN_sk.wav,filler,LFD,original,NA,groupA,non-native,NA,5562
drill.jpg,neck.jpg,F_14_LFD_NN_sk.wav,filler,LFD,original,NA,groupA,non-native,NA,6067
brush.jpg,rose.jpg,F_15_LFD_NN_sk.wav,filler,LFD,original,NA,groupA,non-native,NA,4791
walrus.jpg,net.jpg,F_16_LFD_NN_sk.wav,filler,LFD,original,NA,groupA,non-native,NA,5105
wine.jpg,penguin.jpg,F_1_HFF_NN_sk.wav,filler,HFF,original,NA,groupA,non-native,NA,3152
hat.jpg,peach.jpg,F_2_HFF_NN_sk.wav,filler,HFF,original,NA,groupA,non-native,NA,3124
cheese.jpg,butterfly.jpg,F_3_HFF_NN_sk.wav,filler,HFF,original,NA,groupA,non-native,NA,3124
floor.jpg,thimble.jpg,F_4_HFF_NN_sk.wav,filler,HFF,original,NA,groupA,non-native,NA,3495
man.jpg,beaver.jpg,F_5_HFF_NN_sk.wav,filler,HFF,original,NA,groupA,non-native,NA,2995
city.jpg,flute.jpg,F_6_HFF_NN_sk.wav,filler,HFF,original,NA,groupA,non-native,NA,3018
bar.jpg,artichoke.jpg,F_7_HFF_NN_sk.wav,filler,HFF,original,NA,groupA,non-native,NA,2865
woman.jpg,slide.jpg,F_8_HFF_NN_sk.wav,filler,HFF,original,NA,groupA,non-native,NA,3041
book.jpg,antlers.jpg,F_9_HFF_NN_sk.wav,filler,HFF,original,NA,groupA,non-native,NA,3286
piano.jpg,razor.jpg,F_10_HFF_NN_sk.wav,filler,HFF,original,NA,groupA,non-native,NA,3286
horse.jpg,iron.jpg,F_11_HFF_NN_sk.wav,filler,HFF,original,NA,groupA,non-native,NA,3152
glass.jpg,zebra.jpg,F_12_HFF_NN_sk.wav,filler,HFF,original,NA,groupA,non-native,NA,3274
boy.jpg,anvil.jpg,F_13_HFF_NN_sk.wav,filler,HFF,original,NA,groupA,non-native,NA,3286
fire.jpg,binoculars.jpg,F_14_HFF_NN_sk.wav,filler,HFF,original,NA,groupA,non-native,NA,3132
lips.jpg,safetypin.jpg,F_15_HFF_NN_sk.wav,filler,HFF,original,NA,groupA,non-native,NA,3092
rock.jpg,recordplayer.jpg,F_16_HFF_NN_sk.wav,filler,HFF,original,NA,groupA,non-native,NA,3188
highchair.jpg,table.jpg,T_1_LFF_B_NN_sk.wav,target,LFF,1F,2255,groupB,non-native,NA,4006
sewingmachine.jpg,factory.jpg,T_2_LFF_B_NN_sk.wav,target,LFF,2F,2275,groupB,non-native,NA,3868
wheelbarrow.jpg,stairs.jpg,T_3_LFF_B_NN_sk.wav,target,LFF,3F,2278,groupB,non-native,NA,3150
igloo.jpg,rain.jpg,T_4_LFF_B_NN_sk.wav,target,LFF,1F,2255,groupB,non-native,NA,2985
swing.jpg,wall.jpg,T_5_LFF_B_NN_sk.wav,target,LFF,2F,2275,groupB,non-native,NA,3188
pineapple.jpg,bridge.jpg,T_6_LFF_B_NN_sk.wav,target,LFF,3F,2278,groupB,non-native,NA,3258
typewriter.jpg,cigarette.jpg,T_7_LFF_B_NN_sk.wav,target,LFF,1F,2255,groupB,non-native,NA,3950
vacuum.jpg,king.jpg,T_8_LFF_B_NN_sk.wav,target,LFF,2F,2275,groupB,non-native,NA,3589
toothbrush.jpg,bench.jpg,T_1_LFD_B_NN_sk.wav,target,LFD,1D,3539,groupB,non-native,NA,5221
blimp.jpg,shoe.jpg,T_2_LFD_B_NN_sk.wav,target,LFD,2D,3741,groupB,non-native,NA,4877
globe.jpg,chair.jpg,T_3_LFD_B_NN_sk.wav,target,LFD,3D,3738,groupB,non-native,NA,4645
funnel.jpg,star.jpg,T_4_LFD_B_NN_sk.wav,target,LFD,1D,3539,groupB,non-native,NA,4412
unicorn.jpg,telephone.jpg,T_5_LFD_B_NN_sk.wav,target,LFD,2D,3741,groupB,non-native,NA,5078
cactus.jpg,tooth.jpg,T_6_LFD_B_NN_sk.wav,target,LFD,3D,3738,groupB,non-native,NA,4676
earring.jpg,ball.jpg,T_7_LFD_B_NN_sk.wav,target,LFD,1D,3539,groupB,non-native,NA,4677
palmtree.jpg,flower.jpg,T_8_LFD_B_NN_sk.wav,target,LFD,2D,3741,groupB,non-native,NA,4494
dog.jpg,hose.jpg,T_1_HFF_B_NN_sk.wav,target,HFF,1F,2255,groupB,non-native,NA,2756
church.jpg,snail.jpg,T_2_HFF_B_NN_sk.wav,target,HFF,2F,2275,groupB,non-native,NA,2998
nose.jpg,wateringcan.jpg,T_3_HFF_B_NN_sk.wav,target,HFF,3F,2278,groupB,non-native,NA,2925
door.jpg,strawberry.jpg,T_4_HFF_B_NN_sk.wav,target,HFF,1F,2255,groupB,non-native,NA,2904
fish.jpg,dolphin.jpg,T_5_HFF_B_NN_sk.wav,target,HFF,2F,2275,groupB,non-native,NA,2829
hand.jpg,bat.jpg,T_6_HFF_B_NN_sk.wav,target,HFF,3F,2278,groupB,non-native,NA,3122
eye.jpg,puzzle.jpg,T_7_HFF_B_NN_sk.wav,target,HFF,2F,2275,groupB,non-native,NA,2681
tree.jpg,dinosaur.jpg,T_8_HFF_B_NN_sk.wav,target,HFF,3F,2278,groupB,non-native,NA,3122
bottle.jpg,saw.jpg,T_1_HFD_B_NN_sk.wav,target,HFD,1D,3539,groupB,non-native,NA,4192
sun.jpg,harp.jpg,T_2_HFD_B_NN_sk.wav,target,HFD,2D,3741,groupB,non-native,NA,4546
moon.jpg,fan.jpg,T_3_HFD_B_NN_sk.wav,target,HFD,3D,3738,groupB,non-native,NA,4696
car.jpg,alligator.jpg,T_4_HFD_B_NN_sk.wav,target,HFD,1D,3539,groupB,non-native,NA,4232
baby.jpg,rhinoceros.jpg,T_5_HFD_B_NN_sk.wav,target,HFD,2D,3741,groupB,non-native,NA,4659
bus.jpg,snowman.jpg,T_6_HFD_B_NN_sk.wav,target,HFD,3D,3738,groupB,non-native,NA,4723
arm.jpg,ostrich.jpg,T_7_HFD_B_NN_sk.wav,target,HFD,2D,3741,groupB,non-native,NA,4385
train.jpg,pumpkin.jpg,T_8_HFD_B_NN_sk.wav,target,HFD,3D,3738,groupB,non-native,NA,4408
raccoon.jpg,smoke.jpg,F_1_LFD_NN_sk.wav,filler,LFD,original,NA,groupB,non-native,NA,7413
jumprope.jpg,house.jpg,F_2_LFD_NN_sk.wav,filler,LFD,original,NA,groupB,non-native,NA,6709
radish.jpg,bread.jpg,F_3_LFD_NN_sk.wav,filler,LFD,original,NA,groupB,non-native,NA,6549
pick.jpg,bride.jpg,F_4_LFD_NN_sk.wav,filler,LFD,original,NA,groupB,non-native,NA,4337
pencilsharpener.jpg,bird.jpg,F_5_LFD_NN_sk.wav,filler,LFD,original,NA,groupB,non-native,NA,6338
tripod.jpg,ear.jpg,F_6_LFD_NN_sk.wav,filler,LFD,original,NA,groupB,non-native,NA,6814
seahorse.jpg,paper.jpg,F_7_LFD_NN_sk.wav,filler,LFD,original,NA,groupB,non-native,NA,6609
ladle.jpg,butter.jpg,F_8_LFD_NN_sk.wav,filler,LFD,original,NA,groupB,non-native,NA,5313
firehydrant.jpg,doctor.jpg,F_9_LFD_NN_sk.wav,filler,LFD,original,NA,groupB,non-native,NA,6168
kangaroo.jpg,wood.jpg,F_10_LFD_NN_sk.wav,filler,LFD,original,NA,groupB,non-native,NA,7433
crib.jpg,road.jpg,F_11_LFD_NN_sk.wav,filler,LFD,original,NA,groupB,non-native,NA,6886
leopard.jpg,priest.jpg,F_12_LFD_NN_sk.wav,filler,LFD,original,NA,groupB,non-native,NA,5170
ladybug.jpg,suitcase.jpg,F_13_LFD_NN_sk.wav,filler,LFD,original,NA,groupB,non-native,NA,5562
drill.jpg,neck.jpg,F_14_LFD_NN_sk.wav,filler,LFD,original,NA,groupB,non-native,NA,6067
brush.jpg,rose.jpg,F_15_LFD_NN_sk.wav,filler,LFD,original,NA,groupB,non-native,NA,4791
walrus.jpg,net.jpg,F_16_LFD_NN_sk.wav,filler,LFD,original,NA,groupB,non-native,NA,5105
wine.jpg,penguin.jpg,F_1_HFF_NN_sk.wav,filler,HFF,original,NA,groupB,non-native,NA,3152
hat.jpg,peach.jpg,F_2_HFF_NN_sk.wav,filler,HFF,original,NA,groupB,non-native,NA,3124
cheese.jpg,butterfly.jpg,F_3_HFF_NN_sk.wav,filler,HFF,original,NA,groupB,non-native,NA,3124
floor.jpg,thimble.jpg,F_4_HFF_NN_sk.wav,filler,HFF,original,NA,groupB,non-native,NA,3495
man.jpg,beaver.jpg,F_5_HFF_NN_sk.wav,filler,HFF,original,NA,groupB,non-native,NA,2995
city.jpg,flute.jpg,F_6_HFF_NN_sk.wav,filler,HFF,original,NA,groupB,non-native,NA,3018
bar.jpg,artichoke.jpg,F_7_HFF_NN_sk.wav,filler,HFF,original,NA,groupB,non-native,NA,2865
woman.jpg,slide.jpg,F_8_HFF_NN_sk.wav,filler,HFF,original,NA,groupB,non-native,NA,3041
book.jpg,antlers.jpg,F_9_HFF_NN_sk.wav,filler,HFF,original,NA,groupB,non-native,NA,3286
piano.jpg,razor.jpg,F_10_HFF_NN_sk.wav,filler,HFF,original,NA,groupB,non-native,NA,3286
horse.jpg,iron.jpg,F_11_HFF_NN_sk.wav,filler,HFF,original,NA,groupB,non-native,NA,3152
glass.jpg,zebra.jpg,F_12_HFF_NN_sk.wav,filler,HFF,original,NA,groupB,non-native,NA,3274
boy.jpg,anvil.jpg,F_13_HFF_NN_sk.wav,filler,HFF,original,NA,groupB,non-native,NA,3286
fire.jpg,binoculars.jpg,F_14_HFF_NN_sk.wav,filler,HFF,original,NA,groupB,non-native,NA,3132
lips.jpg,safetypin.jpg,F_15_HFF_NN_sk.wav,filler,HFF,original,NA,groupB,non-native,NA,3092
rock.jpg,recordplayer.jpg,F_16_HFF_NN_sk.wav,filler,HFF,original,NA,groupB,non-native,NA,3188
saw.jpg,bottle.jpg,T_1_LFF_C_NN_sk.wav,target,LFF,1F,2255,groupC,non-native,NA,3143
harp.jpg,sun.jpg,T_2_LFF_C_NN_sk.wav,target,LFF,2F,2275,groupC,non-native,NA,3166
fan.jpg,moon.jpg,T_3_LFF_C_NN_sk.wav,target,LFF,3F,2278,groupC,non-native,NA,3503
alligator.jpg,car.jpg,T_4_LFF_C_NN_sk.wav,target,LFF,1F,2255,groupC,non-native,NA,3372
rhinoceros.jpg,baby.jpg,T_5_LFF_C_NN_sk.wav,target,LFF,2F,2275,groupC,non-native,NA,3482
snowman.jpg,bus.jpg,T_6_LFF_C_NN_sk.wav,target,LFF,3F,2278,groupC,non-native,NA,3463
ostrich.jpg,arm.jpg,T_7_LFF_C_NN_sk.wav,target,LFF,1F,2255,groupC,non-native,NA,3173
pumpkin.jpg,train.jpg,T_8_LFF_C_NN_sk.wav,target,LFF,2F,2275,groupC,non-native,NA,3168
hose.jpg,dog.jpg,T_1_LFD_C_NN_sk.wav,target,LFD,1D,3539,groupC,non-native,NA,4386
snail.jpg,church.jpg,T_2_LFD_C_NN_sk.wav,target,LFD,2D,3741,groupC,non-native,NA,4726
wateringcan.jpg,nose.jpg,T_3_LFD_C_NN_sk.wav,target,LFD,3D,3738,groupC,non-native,NA,4477
strawberry.jpg,door.jpg,T_4_LFD_C_NN_sk.wav,target,LFD,1D,3539,groupC,non-native,NA,4500
dolphin.jpg,fish.jpg,T_5_LFD_C_NN_sk.wav,target,LFD,2D,3741,groupC,non-native,NA,4671
bat.jpg,hand.jpg,T_6_LFD_C_NN_sk.wav,target,LFD,3D,3738,groupC,non-native,NA,4846
puzzle.jpg,eye.jpg,T_7_LFD_C_NN_sk.wav,target,LFD,1D,3539,groupC,non-native,NA,4302
dinosaur.jpg,tree.jpg,T_8_LFD_C_NN_sk.wav,target,LFD,2D,3741,groupC,non-native,NA,4873
bench.jpg,toothbrush.jpg,T_1_HFF_C_NN_sk.wav,target,HFF,1F,2255,groupC,non-native,NA,3298
shoe.jpg,blimp.jpg,T_2_HFF_C_NN_sk.wav,target,HFF,2F,2275,groupC,non-native,NA,3243
chair.jpg,globe.jpg,T_3_HFF_C_NN_sk.wav,target,HFF,3F,2278,groupC,non-native,NA,3241
star.jpg,funnel.jpg,T_4_HFF_C_NN_sk.wav,target,HFF,1F,2255,groupC,non-native,NA,3332
telephone.jpg,unicorn.jpg,T_5_HFF_C_NN_sk.wav,target,HFF,2F,2275,groupC,non-native,NA,3111
tooth.jpg,cactus.jpg,T_6_HFF_C_NN_sk.wav,target,HFF,3F,2278,groupC,non-native,NA,2863
ball.jpg,earring.jpg,T_7_HFF_C_NN_sk.wav,target,HFF,2F,2275,groupC,non-native,NA,2954
flower.jpg,palmtree.jpg,T_8_HFF_C_NN_sk.wav,target,HFF,3F,2278,groupC,non-native,NA,2901
table.jpg,highchair.jpg,T_1_HFD_C_NN_sk.wav,target,HFD,1D,3539,groupC,non-native,NA,4345
factory.jpg,sewingmachine.jpg,T_2_HFD_C_NN_sk.wav,target,HFD,2D,3741,groupC,non-native,NA,4555
stairs.jpg,wheelbarrow.jpg,T_3_HFD_C_NN_sk.wav,target,HFD,3D,3738,groupC,non-native,NA,4543
rain.jpg,igloo.jpg,T_4_HFD_C_NN_sk.wav,target,HFD,1D,3539,groupC,non-native,NA,4373
wall.jpg,swing.jpg,T_5_HFD_C_NN_sk.wav,target,HFD,2D,3741,groupC,non-native,NA,4585
bridge.jpg,pineapple.jpg,T_6_HFD_C_NN_sk.wav,target,HFD,3D,3738,groupC,non-native,NA,4620
cigarette.jpg,typewriter.jpg,T_7_HFD_C_NN_sk.wav,target,HFD,2D,3741,groupC,non-native,NA,4751
king.jpg,vacuum.jpg,T_8_HFD_C_NN_sk.wav,target,HFD,3D,3738,groupC,non-native,NA,4629
raccoon.jpg,smoke.jpg,F_1_LFD_NN_sk.wav,filler,LFD,original,NA,groupC,non-native,NA,7413
jumprope.jpg,house.jpg,F_2_LFD_NN_sk.wav,filler,LFD,original,NA,groupC,non-native,NA,6709
radish.jpg,bread.jpg,F_3_LFD_NN_sk.wav,filler,LFD,original,NA,groupC,non-native,NA,6549
pick.jpg,bride.jpg,F_4_LFD_NN_sk.wav,filler,LFD,original,NA,groupC,non-native,NA,4337
pencilsharpener.jpg,bird.jpg,F_5_LFD_NN_sk.wav,filler,LFD,original,NA,groupC,non-native,NA,6338
tripod.jpg,ear.jpg,F_6_LFD_NN_sk.wav,filler,LFD,original,NA,groupC,non-native,NA,6814
seahorse.jpg,paper.jpg,F_7_LFD_NN_sk.wav,filler,LFD,original,NA,groupC,non-native,NA,6609
ladle.jpg,butter.jpg,F_8_LFD_NN_sk.wav,filler,LFD,original,NA,groupC,non-native,NA,5313
firehydrant.jpg,doctor.jpg,F_9_LFD_NN_sk.wav,filler,LFD,original,NA,groupC,non-native,NA,6168
kangaroo.jpg,wood.jpg,F_10_LFD_NN_sk.wav,filler,LFD,original,NA,groupC,non-native,NA,7433
crib.jpg,road.jpg,F_11_LFD_NN_sk.wav,filler,LFD,original,NA,groupC,non-native,NA,6886
leopard.jpg,priest.jpg,F_12_LFD_NN_sk.wav,filler,LFD,original,NA,groupC,non-native,NA,5170
ladybug.jpg,suitcase.jpg,F_13_LFD_NN_sk.wav,filler,LFD,original,NA,groupC,non-native,NA,5562
drill.jpg,neck.jpg,F_14_LFD_NN_sk.wav,filler,LFD,original,NA,groupC,non-native,NA,6067
brush.jpg,rose.jpg,F_15_LFD_NN_sk.wav,filler,LFD,original,NA,groupC,non-native,NA,4791
walrus.jpg,net.jpg,F_16_LFD_NN_sk.wav,filler,LFD,original,NA,groupC,non-native,NA,5105
wine.jpg,penguin.jpg,F_1_HFF_NN_sk.wav,filler,HFF,original,NA,groupC,non-native,NA,3152
hat.jpg,peach.jpg,F_2_HFF_NN_sk.wav,filler,HFF,original,NA,groupC,non-native,NA,3124
cheese.jpg,butterfly.jpg,F_3_HFF_NN_sk.wav,filler,HFF,original,NA,groupC,non-native,NA,3124
floor.jpg,thimble.jpg,F_4_HFF_NN_sk.wav,filler,HFF,original,NA,groupC,non-native,NA,3495
man.jpg,beaver.jpg,F_5_HFF_NN_sk.wav,filler,HFF,original,NA,groupC,non-native,NA,2995
city.jpg,flute.jpg,F_6_HFF_NN_sk.wav,filler,HFF,original,NA,groupC,non-native,NA,3018
bar.jpg,artichoke.jpg,F_7_HFF_NN_sk.wav,filler,HFF,original,NA,groupC,non-native,NA,2865
woman.jpg,slide.jpg,F_8_HFF_NN_sk.wav,filler,HFF,original,NA,groupC,non-native,NA,3041
book.jpg,antlers.jpg,F_9_HFF_NN_sk.wav,filler,HFF,original,NA,groupC,non-native,NA,3286
piano.jpg,razor.jpg,F_10_HFF_NN_sk.wav,filler,HFF,original,NA,groupC,non-native,NA,3286
horse.jpg,iron.jpg,F_11_HFF_NN_sk.wav,filler,HFF,original,NA,groupC,non-native,NA,3152
glass.jpg,zebra.jpg,F_12_HFF_NN_sk.wav,filler,HFF,original,NA,groupC,non-native,NA,3274
boy.jpg,anvil.jpg,F_13_HFF_NN_sk.wav,filler,HFF,original,NA,groupC,non-native,NA,3286
fire.jpg,binoculars.jpg,F_14_HFF_NN_sk.wav,filler,HFF,original,NA,groupC,non-native,NA,3132
lips.jpg,safetypin.jpg,F_15_HFF_NN_sk.wav,filler,HFF,original,NA,groupC,non-native,NA,3092
rock.jpg,recordplayer.jpg,F_16_HFF_NN_sk.wav,filler,HFF,original,NA,groupC,non-native,NA,3188
hose.jpg,dog.jpg,T_1_LFF_D_NN_sk.wav,target,LFF,1F,2255,groupD,non-native,NA,3101
snail.jpg,church.jpg,T_2_LFF_D_NN_sk.wav,target,LFF,2F,2275,groupD,non-native,NA,3260
wateringcan.jpg,nose.jpg,T_3_LFF_D_NN_sk.wav,target,LFF,3F,2278,groupD,non-native,NA,3017
strawberry.jpg,door.jpg,T_4_LFF_D_NN_sk.wav,target,LFF,1F,2255,groupD,non-native,NA,3216
dolphin.jpg,fish.jpg,T_5_LFF_D_NN_sk.wav,target,LFF,2F,2275,groupD,non-native,NA,3205
bat.jpg,hand.jpg,T_6_LFF_D_NN_sk.wav,target,LFF,3F,2278,groupD,non-native,NA,3498
puzzle.jpg,eye.jpg,T_7_LFF_D_NN_sk.wav,target,LFF,1F,2255,groupD,non-native,NA,3018
dinosaur.jpg,tree.jpg,T_8_LFF_D_NN_sk.wav,target,LFF,2F,2275,groupD,non-native,NA,3407
saw.jpg,bottle.jpg,T_1_LFD_D_NN_sk.wav,target,LFD,1D,3539,groupD,non-native,NA,4428
harp.jpg,sun.jpg,T_2_LFD_D_NN_sk.wav,target,LFD,2D,3741,groupD,non-native,NA,4632
fan.jpg,moon.jpg,T_3_LFD_D_NN_sk.wav,target,LFD,3D,3738,groupD,non-native,NA,4963
alligator.jpg,car.jpg,T_4_LFD_D_NN_sk.wav,target,LFD,1D,3539,groupD,non-native,NA,4656
rhinoceros.jpg,baby.jpg,T_5_LFD_D_NN_sk.wav,target,LFD,2D,3741,groupD,non-native,NA,4948
snowman.jpg,bus.jpg,T_6_LFD_D_NN_sk.wav,target,LFD,3D,3738,groupD,non-native,NA,4923
ostrich.jpg,arm.jpg,T_7_LFD_D_NN_sk.wav,target,LFD,1D,3539,groupD,non-native,NA,4457
pumpkin.jpg,train.jpg,T_8_LFD_D_NN_sk.wav,target,LFD,2D,3741,groupD,non-native,NA,4634
table.jpg,highchair.jpg,T_1_HFF_D_NN_sk.wav,target,HFF,1F,2255,groupD,non-native,NA,3060
factory.jpg,sewingmachine.jpg,T_2_HFF_D_NN_sk.wav,target,HFF,2F,2275,groupD,non-native,NA,3089
stairs.jpg,wheelbarrow.jpg,T_3_HFF_D_NN_sk.wav,target,HFF,3F,2278,groupD,non-native,NA,3083
rain.jpg,igloo.jpg,T_4_HFF_D_NN_sk.wav,target,HFF,1F,2255,groupD,non-native,NA,3088
wall.jpg,swing.jpg,T_5_HFF_D_NN_sk.wav,target,HFF,2F,2275,groupD,non-native,NA,3119
bridge.jpg,pineapple.jpg,T_6_HFF_D_NN_sk.wav,target,HFF,3F,2278,groupD,non-native,NA,3160
cigarette.jpg,typewriter.jpg,T_7_HFF_D_NN_sk.wav,target,HFF,2F,2275,groupD,non-native,NA,3285
king.jpg,vacuum.jpg,T_8_HFF_D_NN_sk.wav,target,HFF,3F,2278,groupD,non-native,NA,3170
bench.jpg,toothbrush.jpg,T_1_HFD_D_NN_sk.wav,target,HFD,1D,3539,groupD,non-native,NA,4583
shoe.jpg,blimp.jpg,T_2_HFD_D_NN_sk.wav,target,HFD,2D,3741,groupD,non-native,NA,4709
chair.jpg,globe.jpg,T_3_HFD_D_NN_sk.wav,target,HFD,3D,3738,groupD,non-native,NA,4701
star.jpg,funnel.jpg,T_4_HFD_D_NN_sk.wav,target,HFD,1D,3539,groupD,non-native,NA,4616
telephone.jpg,unicorn.jpg,T_5_HFD_D_NN_sk.wav,target,HFD,2D,3741,groupD,non-native,NA,4577
tooth.jpg,cactus.jpg,T_6_HFD_D_NN_sk.wav,target,HFD,3D,3738,groupD,non-native,NA,4323
ball.jpg,earring.jpg,T_7_HFD_D_NN_sk.wav,target,HFD,2D,3741,groupD,non-native,NA,4420
flower.jpg,palmtree.jpg,T_8_HFD_D_NN_sk.wav,target,HFD,3D,3738,groupD,non-native,NA,4361
raccoon.jpg,smoke.jpg,F_1_LFD_NN_sk.wav,filler,LFD,original,NA,groupD,non-native,NA,7413
jumprope.jpg,house.jpg,F_2_LFD_NN_sk.wav,filler,LFD,original,NA,groupD,non-native,NA,6709
radish.jpg,bread.jpg,F_3_LFD_NN_sk.wav,filler,LFD,original,NA,groupD,non-native,NA,6549
pick.jpg,bride.jpg,F_4_LFD_NN_sk.wav,filler,LFD,original,NA,groupD,non-native,NA,4337
pencilsharpener.jpg,bird.jpg,F_5_LFD_NN_sk.wav,filler,LFD,original,NA,groupD,non-native,NA,6338
tripod.jpg,ear.jpg,F_6_LFD_NN_sk.wav,filler,LFD,original,NA,groupD,non-native,NA,6814
seahorse.jpg,paper.jpg,F_7_LFD_NN_sk.wav,filler,LFD,original,NA,groupD,non-native,NA,6609
ladle.jpg,butter.jpg,F_8_LFD_NN_sk.wav,filler,LFD,original,NA,groupD,non-native,NA,5313
firehydrant.jpg,doctor.jpg,F_9_LFD_NN_sk.wav,filler,LFD,original,NA,groupD,non-native,NA,6168
kangaroo.jpg,wood.jpg,F_10_LFD_NN_sk.wav,filler,LFD,original,NA,groupD,non-native,NA,7433
crib.jpg,road.jpg,F_11_LFD_NN_sk.wav,filler,LFD,original,NA,groupD,non-native,NA,6886
leopard.jpg,priest.jpg,F_12_LFD_NN_sk.wav,filler,LFD,original,NA,groupD,non-native,NA,5170
ladybug.jpg,suitcase.jpg,F_13_LFD_NN_sk.wav,filler,LFD,original,NA,groupD,non-native,NA,5562
drill.jpg,neck.jpg,F_14_LFD_NN_sk.wav,filler,LFD,original,NA,groupD,non-native,NA,6067
brush.jpg,rose.jpg,F_15_LFD_NN_sk.wav,filler,LFD,original,NA,groupD,non-native,NA,4791
walrus.jpg,net.jpg,F_16_LFD_NN_sk.wav,filler,LFD,original,NA,groupD,non-native,NA,5105
wine.jpg,penguin.jpg,F_1_HFF_NN_sk.wav,filler,HFF,original,NA,groupD,non-native,NA,3152
hat.jpg,peach.jpg,F_2_HFF_NN_sk.wav,filler,HFF,original,NA,groupD,non-native,NA,3124
cheese.jpg,butterfly.jpg,F_3_HFF_NN_sk.wav,filler,HFF,original,NA,groupD,non-native,NA,3124
floor.jpg,thimble.jpg,F_4_HFF_NN_sk.wav,filler,HFF,original,NA,groupD,non-native,NA,3495
man.jpg,beaver.jpg,F_5_HFF_NN_sk.wav,filler,HFF,original,NA,groupD,non-native,NA,2995
city.jpg,flute.jpg,F_6_HFF_NN_sk.wav,filler,HFF,original,NA,groupD,non-native,NA,3018
bar.jpg,artichoke.jpg,F_7_HFF_NN_sk.wav,filler,HFF,original,NA,groupD,non-native,NA,2865
woman.jpg,slide.jpg,F_8_HFF_NN_sk.wav,filler,HFF,original,NA,groupD,non-native,NA,3041
book.jpg,antlers.jpg,F_9_HFF_NN_sk.wav,filler,HFF,original,NA,groupD,non-native,NA,3286
piano.jpg,razor.jpg,F_10_HFF_NN_sk.wav,filler,HFF,original,NA,groupD,non-native,NA,3286
horse.jpg,iron.jpg,F_11_HFF_NN_sk.wav,filler,HFF,original,NA,groupD,non-native,NA,3152
glass.jpg,zebra.jpg,F_12_HFF_NN_sk.wav,filler,HFF,original,NA,groupD,non-native,NA,3274
boy.jpg,anvil.jpg,F_13_HFF_NN_sk.wav,filler,HFF,original,NA,groupD,non-native,NA,3286
fire.jpg,binoculars.jpg,F_14_HFF_NN_sk.wav,filler,HFF,original,NA,groupD,non-native,NA,3132
lips.jpg,safetypin.jpg,F_15_HFF_NN_sk.wav,filler,HFF,original,NA,groupD,non-native,NA,3092
rock.jpg,recordplayer.jpg,F_16_HFF_NN_sk.wav,filler,HFF,original,NA,groupD,non-native,NA,3188
rollerskate.jpg,cow.jpg,practice1_N_de.wav,practice,practice,NA,NA,practice,native,yes,2839
glasses.jpg,bird2.jpg,practice2_N_de.wav,practice,practice,NA,NA,practice,native,yes,2620
rollerskate.jpg,cow.jpg,practice1_NN_de.wav,practice,practice,NA,NA,practice,non-native,yes,3835
glasses.jpg,bird2.jpg,practice2_NN_de.wav,practice,practice,NA,NA,practice,non-native,yes,3064
toothbrush.jpg,bench.jpg,T_1_LFF_A_N_de.wav,target,LFF,1F,2074,groupA,native,NA,2904
blimp.jpg,shoe.jpg,T_2_LFF_A_N_de.wav,target,LFF,2F,1982,groupA,native,NA,2765
globe.jpg,chair.jpg,T_3_LFF_A_N_de.wav,target,LFF,3F,1892,groupA,native,NA,2807
funnel.jpg,star.jpg,T_4_LFF_A_N_de.wav,target,LFF,1F,2074,groupA,native,NA,3057
unicorn.jpg,telephone.jpg,T_5_LFF_A_N_de.wav,target,LFF,2F,1982,groupA,native,NA,2827
cactus.jpg,tooth.jpg,T_6_LFF_A_N_de.wav,target,LFF,3F,1892,groupA,native,NA,2696
earring.jpg,ball.jpg,T_7_LFF_A_N_de.wav,target,LFF,1F,2074,groupA,native,NA,2687
palmtree.jpg,flower.jpg,T_8_LFF_A_N_de.wav,target,LFF,2F,1982,groupA,native,NA,2525
highchair.jpg,table.jpg,T_1_LFD_A_N_de.wav,target,LFD,1D,3261,groupA,native,NA,4446
sewingmachine.jpg,factory.jpg,T_2_LFD_A_N_de.wav,target,LFD,2D,3393,groupA,native,NA,4360
wheelbarrow.jpg,stairs.jpg,T_3_LFD_A_N_de.wav,target,LFD,3D,3302,groupA,native,NA,3949
igloo.jpg,rain.jpg,T_4_LFD_A_N_de.wav,target,LFD,1D,3261,groupA,native,NA,4107
swing.jpg,wall.jpg,T_5_LFD_A_N_de.wav,target,LFD,2D,3393,groupA,native,NA,4396
pineapple.jpg,bridge.jpg,T_6_LFD_A_N_de.wav,target,LFD,3D,3302,groupA,native,NA,4130
typewriter.jpg,cigarette.jpg,T_7_LFD_A_N_de.wav,target,LFD,1D,3261,groupA,native,NA,4232
vacuum.jpg,king.jpg,T_8_LFD_A_N_de.wav,target,LFD,2D,3393,groupA,native,NA,4237
bottle.jpg,saw.jpg,T_1_HFF_A_N_de.wav,target,HFF,1F,2074,groupA,native,NA,2652
sun.jpg,harp.jpg,T_2_HFF_A_N_de.wav,target,HFF,2F,1982,groupA,native,NA,2548
moon.jpg,fan.jpg,T_3_HFF_A_N_de.wav,target,HFF,3F,1892,groupA,native,NA,2632
car.jpg,alligator.jpg,T_4_HFF_A_N_de.wav,target,HFF,1F,2074,groupA,native,NA,2702
baby.jpg,rhinoceros.jpg,T_5_HFF_A_N_de.wav,target,HFF,2F,1982,groupA,native,NA,2594
bus.jpg,snowman.jpg,T_6_HFF_A_N_de.wav,target,HFF,3F,1892,groupA,native,NA,2517
arm.jpg,ostrich.jpg,T_7_HFF_A_N_de.wav,target,HFF,2F,1982,groupA,native,NA,2552
train.jpg,pumpkin.jpg,T_8_HFF_A_N_de.wav,target,HFF,3F,1892,groupA,native,NA,2624
dog.jpg,hose.jpg,T_1_HFD_A_N_de.wav,target,HFD,1D,3261,groupA,native,NA,4131
church.jpg,snail.jpg,T_2_HFD_A_N_de.wav,target,HFD,2D,3393,groupA,native,NA,4265
nose.jpg,wateringcan.jpg,T_3_HFD_A_N_de.wav,target,HFD,3D,3302,groupA,native,NA,4087
door.jpg,strawberry.jpg,T_4_HFD_A_N_de.wav,target,HFD,1D,3261,groupA,native,NA,3825
fish.jpg,dolphin.jpg,T_5_HFD_A_N_de.wav,target,HFD,2D,3393,groupA,native,NA,3825
hand.jpg,bat.jpg,T_6_HFD_A_N_de.wav,target,HFD,3D,3302,groupA,native,NA,3866
eye.jpg,puzzle.jpg,T_7_HFD_A_N_de.wav,target,HFD,2D,3393,groupA,native,NA,3776
tree.jpg,dinosaur.jpg,T_8_HFD_A_N_de.wav,target,HFD,3D,3302,groupA,native,NA,3891
raccoon.jpg,smoke.jpg,F_1_LFD_N_de.wav,filler,LFD,original,NA,groupA,native,NA,4745
jumprope.jpg,house.jpg,F_2_LFD_N_de.wav,filler,LFD,original,NA,groupA,native,NA,5450
radish.jpg,bread.jpg,F_3_LFD_N_de.wav,filler,LFD,original,NA,groupA,native,NA,5953
pick.jpg,bride.jpg,F_4_LFD_N_de.wav,filler,LFD,original,NA,groupA,native,NA,4701
pencilsharpener.jpg,bird.jpg,F_5_LFD_N_de.wav,filler,LFD,original,NA,groupA,native,NA,4208
tripod.jpg,ear.jpg,F_6_LFD_N_de.wav,filler,LFD,original,NA,groupA,native,NA,5600
seahorse.jpg,paper.jpg,F_7_LFD_N_de.wav,filler,LFD,original,NA,groupA,native,NA,4658
ladle.jpg,butter.jpg,F_8_LFD_N_de.wav,filler,LFD,original,NA,groupA,native,NA,4562
firehydrant.jpg,doctor.jpg,F_9_LFD_N_de.wav,filler,LFD,original,NA,groupA,native,NA,4208
kangaroo.jpg,wood.jpg,F_10_LFD_N_de.wav,filler,LFD,original,NA,groupA,native,NA,4390
crib.jpg,road.jpg,F_11_LFD_N_de.wav,filler,LFD,original,NA,groupA,native,NA,4390
leopard.jpg,priest.jpg,F_12_LFD_N_de.wav,filler,LFD,original,NA,groupA,native,NA,4390
ladybug.jpg,suitcase.jpg,F_13_LFD_N_de.wav,filler,LFD,original,NA,groupA,native,NA,4947
drill.jpg,neck.jpg,F_14_LFD_N_de.wav,filler,LFD,original,NA,groupA,native,NA,4833
brush.jpg,rose.jpg,F_15_LFD_N_de.wav,filler,LFD,original,NA,groupA,native,NA,5943
walrus.jpg,net.jpg,F_16_LFD_N_de.wav,filler,LFD,original,NA,groupA,native,NA,5840
wine.jpg,penguin.jpg,F_1_HFF_N_de.wav,filler,HFF,original,NA,groupA,native,NA,2711
hat.jpg,peach.jpg,F_2_HFF_N_de.wav,filler,HFF,original,NA,groupA,native,NA,2527
cheese.jpg,butterfly.jpg,F_3_HFF_N_de.wav,filler,HFF,original,NA,groupA,native,NA,2527
floor.jpg,thimble.jpg,F_4_HFF_N_de.wav,filler,HFF,original,NA,groupA,native,NA,2564
man.jpg,beaver.jpg,F_5_HFF_N_de.wav,filler,HFF,original,NA,groupA,native,NA,2564
city.jpg,flute.jpg,F_6_HFF_N_de.wav,filler,HFF,original,NA,groupA,native,NA,2478
bar.jpg,artichoke.jpg,F_7_HFF_N_de.wav,filler,HFF,original,NA,groupA,native,NA,2425
woman.jpg,slide.jpg,F_8_HFF_N_de.wav,filler,HFF,original,NA,groupA,native,NA,2417
book.jpg,antlers.jpg,F_9_HFF_N_de.wav,filler,HFF,original,NA,groupA,native,NA,2503
piano.jpg,razor.jpg,F_10_HFF_N_de.wav,filler,HFF,original,NA,groupA,native,NA,2670
horse.jpg,iron.jpg,F_11_HFF_N_de.wav,filler,HFF,original,NA,groupA,native,NA,2564
glass.jpg,zebra.jpg,F_12_HFF_N_de.wav,filler,HFF,original,NA,groupA,native,NA,2633
boy.jpg,anvil.jpg,F_13_HFF_N_de.wav,filler,HFF,original,NA,groupA,native,NA,2478
fire.jpg,binoculars.jpg,F_14_HFF_N_de.wav,filler,HFF,original,NA,groupA,native,NA,2580
lips.jpg,safetypin.jpg,F_15_HFF_N_de.wav,filler,HFF,original,NA,groupA,native,NA,2478
rock.jpg,recordplayer.jpg,F_16_HFF_N_de.wav,filler,HFF,original,NA,groupA,native,NA,2580
highchair.jpg,table.jpg,T_1_LFF_B_N_de.wav,target,LFF,1F,2074,groupB,native,NA,3332
sewingmachine.jpg,factory.jpg,T_2_LFF_B_N_de.wav,target,LFF,2F,1982,groupB,native,NA,2906
wheelbarrow.jpg,stairs.jpg,T_3_LFF_B_N_de.wav,target,LFF,3F,1892,groupB,native,NA,2524
igloo.jpg,rain.jpg,T_4_LFF_B_N_de.wav,target,LFF,1F,2074,groupB,native,NA,2669
swing.jpg,wall.jpg,T_5_LFF_B_N_de.wav,target,LFF,2F,1982,groupB,native,NA,2823
pineapple.jpg,bridge.jpg,T_6_LFF_B_N_de.wav,target,LFF,3F,1892,groupB,native,NA,2705
typewriter.jpg,cigarette.jpg,T_7_LFF_B_N_de.wav,target,LFF,1F,2074,groupB,native,NA,3028
vacuum.jpg,king.jpg,T_8_LFF_B_N_de.wav,target,LFF,2F,1982,groupB,native,NA,2783
toothbrush.jpg,bench.jpg,T_1_LFD_B_N_de.wav,target,LFD,1D,3261,groupB,native,NA,4091
blimp.jpg,shoe.jpg,T_2_LFD_B_N_de.wav,target,LFD,2D,3393,groupB,native,NA,4384
globe.jpg,chair.jpg,T_3_LFD_B_N_de.wav,target,LFD,3D,3302,groupB,native,NA,4232
funnel.jpg,star.jpg,T_4_LFD_B_N_de.wav,target,LFD,1D,3261,groupB,native,NA,4244
unicorn.jpg,telephone.jpg,T_5_LFD_B_N_de.wav,target,LFD,2D,3393,groupB,native,NA,4322
cactus.jpg,tooth.jpg,T_6_LFD_B_N_de.wav,target,LFD,3D,3302,groupB,native,NA,4120
earring.jpg,ball.jpg,T_7_LFD_B_N_de.wav,target,LFD,1D,3261,groupB,native,NA,3874
palmtree.jpg,flower.jpg,T_8_LFD_B_N_de.wav,target,LFD,2D,3393,groupB,native,NA,4009
dog.jpg,hose.jpg,T_1_HFF_B_N_de.wav,target,HFF,1F,2074,groupB,native,NA,2919
church.jpg,snail.jpg,T_2_HFF_B_N_de.wav,target,HFF,2F,1982,groupB,native,NA,2952
nose.jpg,wateringcan.jpg,T_3_HFF_B_N_de.wav,target,HFF,3F,1892,groupB,native,NA,2738
door.jpg,strawberry.jpg,T_4_HFF_B_N_de.wav,target,HFF,1F,2074,groupB,native,NA,2638
fish.jpg,dolphin.jpg,T_5_HFF_B_N_de.wav,target,HFF,2F,1982,groupB,native,NA,2468
hand.jpg,bat.jpg,T_6_HFF_B_N_de.wav,target,HFF,3F,1892,groupB,native,NA,2529
eye.jpg,puzzle.jpg,T_7_HFF_B_N_de.wav,target,HFF,2F,1982,groupB,native,NA,2419
tree.jpg,dinosaur.jpg,T_8_HFF_B_N_de.wav,target,HFF,3F,1892,groupB,native,NA,2529
bottle.jpg,saw.jpg,T_1_HFD_B_N_de.wav,target,HFD,1D,3261,groupB,native,NA,3838
sun.jpg,harp.jpg,T_2_HFD_B_N_de.wav,target,HFD,2D,3393,groupB,native,NA,4002
moon.jpg,fan.jpg,T_3_HFD_B_N_de.wav,target,HFD,3D,3302,groupB,native,NA,3975
car.jpg,alligator.jpg,T_4_HFD_B_N_de.wav,target,HFD,1D,3261,groupB,native,NA,3889
baby.jpg,rhinoceros.jpg,T_5_HFD_B_N_de.wav,target,HFD,2D,3393,groupB,native,NA,4049
bus.jpg,snowman.jpg,T_6_HFD_B_N_de.wav,target,HFD,3D,3302,groupB,native,NA,3873
arm.jpg,ostrich.jpg,T_7_HFD_B_N_de.wav,target,HFD,2D,3393,groupB,native,NA,3869
train.jpg,pumpkin.jpg,T_8_HFD_B_N_de.wav,target,HFD,3D,3302,groupB,native,NA,3985
raccoon.jpg,smoke.jpg,F_1_LFD_N_de.wav,filler,LFD,original,NA,groupB,native,NA,4745
jumprope.jpg,house.jpg,F_2_LFD_N_de.wav,filler,LFD,original,NA,groupB,native,NA,5450
radish.jpg,bread.jpg,F_3_LFD_N_de.wav,filler,LFD,original,NA,groupB,native,NA,5953
pick.jpg,bride.jpg,F_4_LFD_N_de.wav,filler,LFD,original,NA,groupB,native,NA,4701
pencilsharpener.jpg,bird.jpg,F_5_LFD_N_de.wav,filler,LFD,original,NA,groupB,native,NA,4208
tripod.jpg,ear.jpg,F_6_LFD_N_de.wav,filler,LFD,original,NA,groupB,native,NA,5600
seahorse.jpg,paper.jpg,F_7_LFD_N_de.wav,filler,LFD,original,NA,groupB,native,NA,4658
ladle.jpg,butter.jpg,F_8_LFD_N_de.wav,filler,LFD,original,NA,groupB,native,NA,4562
firehydrant.jpg,doctor.jpg,F_9_LFD_N_de.wav,filler,LFD,original,NA,groupB,native,NA,4208
kangaroo.jpg,wood.jpg,F_10_LFD_N_de.wav,filler,LFD,original,NA,groupB,native,NA,4390
crib.jpg,road.jpg,F_11_LFD_N_de.wav,filler,LFD,original,NA,groupB,native,NA,4390
leopard.jpg,priest.jpg,F_12_LFD_N_de.wav,filler,LFD,original,NA,groupB,native,NA,4390
ladybug.jpg,suitcase.jpg,F_13_LFD_N_de.wav,filler,LFD,original,NA,groupB,native,NA,4947
drill.jpg,neck.jpg,F_14_LFD_N_de.wav,filler,LFD,original,NA,groupB,native,NA,4833
brush.jpg,rose.jpg,F_15_LFD_N_de.wav,filler,LFD,original,NA,groupB,native,NA,5943
walrus.jpg,net.jpg,F_16_LFD_N_de.wav,filler,LFD,original,NA,groupB,native,NA,5840
wine.jpg,penguin.jpg,F_1_HFF_N_de.wav,filler,HFF,original,NA,groupB,native,NA,2711
hat.jpg,peach.jpg,F_2_HFF_N_de.wav,filler,HFF,original,NA,groupB,native,NA,2527
cheese.jpg,butterfly.jpg,F_3_HFF_N_de.wav,filler,HFF,original,NA,groupB,native,NA,2527
floor.jpg,thimble.jpg,F_4_HFF_N_de.wav,filler,HFF,original,NA,groupB,native,NA,2564
man.jpg,beaver.jpg,F_5_HFF_N_de.wav,filler,HFF,original,NA,groupB,native,NA,2564
city.jpg,flute.jpg,F_6_HFF_N_de.wav,filler,HFF,original,NA,groupB,native,NA,2478
bar.jpg,artichoke.jpg,F_7_HFF_N_de.wav,filler,HFF,original,NA,groupB,native,NA,2425
woman.jpg,slide.jpg,F_8_HFF_N_de.wav,filler,HFF,original,NA,groupB,native,NA,2417
book.jpg,antlers.jpg,F_9_HFF_N_de.wav,filler,HFF,original,NA,groupB,native,NA,2503
piano.jpg,razor.jpg,F_10_HFF_N_de.wav,filler,HFF,original,NA,groupB,native,NA,2670
horse.jpg,iron.jpg,F_11_HFF_N_de.wav,filler,HFF,original,NA,groupB,native,NA,2564
glass.jpg,zebra.jpg,F_12_HFF_N_de.wav,filler,HFF,original,NA,groupB,native,NA,2633
boy.jpg,anvil.jpg,F_13_HFF_N_de.wav,filler,HFF,original,NA,groupB,native,NA,2478
fire.jpg,binoculars.jpg,F_14_HFF_N_de.wav,filler,HFF,original,NA,groupB,native,NA,2580
lips.jpg,safetypin.jpg,F_15_HFF_N_de.wav,filler,HFF,original,NA,groupB,native,NA,2478
rock.jpg,recordplayer.jpg,F_16_HFF_N_de.wav,filler,HFF,original,NA,groupB,native,NA,2580
saw.jpg,bottle.jpg,T_1_LFF_C_N_de.wav,target,LFF,1F,2074,groupC,native,NA,2709
harp.jpg,sun.jpg,T_2_LFF_C_N_de.wav,target,LFF,2F,1982,groupC,native,NA,2625
fan.jpg,moon.jpg,T_3_LFF_C_N_de.wav,target,LFF,3F,1892,groupC,native,NA,2852
alligator.jpg,car.jpg,T_4_LFF_C_N_de.wav,target,LFF,1F,2074,groupC,native,NA,3039
rhinoceros.jpg,baby.jpg,T_5_LFF_C_N_de.wav,target,LFF,2F,1982,groupC,native,NA,2891
snowman.jpg,bus.jpg,T_6_LFF_C_N_de.wav,target,LFF,3F,1892,groupC,native,NA,2590
ostrich.jpg,arm.jpg,T_7_LFF_C_N_de.wav,target,LFF,1F,2074,groupC,native,NA,2960
pumpkin.jpg,train.jpg,T_8_LFF_C_N_de.wav,target,LFF,2F,1982,groupC,native,NA,2675
hose.jpg,dog.jpg,T_1_LFD_C_N_de.wav,target,LFD,1D,3261,groupC,native,NA,3983
snail.jpg,church.jpg,T_2_LFD_C_N_de.wav,target,LFD,2D,3393,groupC,native,NA,3870
wateringcan.jpg,nose.jpg,T_3_LFD_C_N_de.wav,target,LFD,3D,3302,groupC,native,NA,4293
strawberry.jpg,door.jpg,T_4_LFD_C_N_de.wav,target,LFD,1D,3261,groupC,native,NA,4123
dolphin.jpg,fish.jpg,T_5_LFD_C_N_de.wav,target,LFD,2D,3393,groupC,native,NA,4086
bat.jpg,hand.jpg,T_6_LFD_C_N_de.wav,target,LFD,3D,3302,groupC,native,NA,4115
puzzle.jpg,eye.jpg,T_7_LFD_C_N_de.wav,target,LFD,1D,3261,groupC,native,NA,3988
dinosaur.jpg,tree.jpg,T_8_LFD_C_N_de.wav,target,LFD,2D,3393,groupC,native,NA,4226
bench.jpg,toothbrush.jpg,T_1_HFF_C_N_de.wav,target,HFF,1F,2074,groupC,native,NA,2705
shoe.jpg,blimp.jpg,T_2_HFF_C_N_de.wav,target,HFF,2F,1982,groupC,native,NA,2557
chair.jpg,globe.jpg,T_3_HFF_C_N_de.wav,target,HFF,3F,1892,groupC,native,NA,2617
star.jpg,funnel.jpg,T_4_HFF_C_N_de.wav,target,HFF,1F,2074,groupC,native,NA,2749
telephone.jpg,unicorn.jpg,T_5_HFF_C_N_de.wav,target,HFF,2F,1982,groupC,native,NA,2771
tooth.jpg,cactus.jpg,T_6_HFF_C_N_de.wav,target,HFF,3F,1892,groupC,native,NA,2535
ball.jpg,earring.jpg,T_7_HFF_C_N_de.wav,target,HFF,2F,1982,groupC,native,NA,2619
flower.jpg,palmtree.jpg,T_8_HFF_C_N_de.wav,target,HFF,3F,1892,groupC,native,NA,2367
table.jpg,highchair.jpg,T_1_HFD_C_N_de.wav,target,HFD,1D,3261,groupC,native,NA,3866
factory.jpg,sewingmachine.jpg,T_2_HFD_C_N_de.wav,target,HFD,2D,3393,groupC,native,NA,4084
stairs.jpg,wheelbarrow.jpg,T_3_HFD_C_N_de.wav,target,HFD,3D,3302,groupC,native,NA,3870
rain.jpg,igloo.jpg,T_4_HFD_C_N_de.wav,target,HFD,1D,3261,groupC,native,NA,4011
wall.jpg,swing.jpg,T_5_HFD_C_N_de.wav,target,HFD,2D,3393,groupC,native,NA,3745
bridge.jpg,pineapple.jpg,T_6_HFD_C_N_de.wav,target,HFD,3D,3302,groupC,native,NA,3805
cigarette.jpg,typewriter.jpg,T_7_HFD_C_N_de.wav,target,HFD,2D,3393,groupC,native,NA,3998
king.jpg,vacuum.jpg,T_8_HFD_C_N_de.wav,target,HFD,3D,3302,groupC,native,NA,3965
raccoon.jpg,smoke.jpg,F_1_LFD_N_de.wav,filler,LFD,original,NA,groupC,native,NA,4745
jumprope.jpg,house.jpg,F_2_LFD_N_de.wav,filler,LFD,original,NA,groupC,native,NA,5450
radish.jpg,bread.jpg,F_3_LFD_N_de.wav,filler,LFD,original,NA,groupC,native,NA,5953
pick.jpg,bride.jpg,F_4_LFD_N_de.wav,filler,LFD,original,NA,groupC,native,NA,4701
pencilsharpener.jpg,bird.jpg,F_5_LFD_N_de.wav,filler,LFD,original,NA,groupC,native,NA,4208
tripod.jpg,ear.jpg,F_6_LFD_N_de.wav,filler,LFD,original,NA,groupC,native,NA,5600
seahorse.jpg,paper.jpg,F_7_LFD_N_de.wav,filler,LFD,original,NA,groupC,native,NA,4658
ladle.jpg,butter.jpg,F_8_LFD_N_de.wav,filler,LFD,original,NA,groupC,native,NA,4562
firehydrant.jpg,doctor.jpg,F_9_LFD_N_de.wav,filler,LFD,original,NA,groupC,native,NA,4208
kangaroo.jpg,wood.jpg,F_10_LFD_N_de.wav,filler,LFD,original,NA,groupC,native,NA,4390
crib.jpg,road.jpg,F_11_LFD_N_de.wav,filler,LFD,original,NA,groupC,native,NA,4390
leopard.jpg,priest.jpg,F_12_LFD_N_de.wav,filler,LFD,original,NA,groupC,native,NA,4390
ladybug.jpg,suitcase.jpg,F_13_LFD_N_de.wav,filler,LFD,original,NA,groupC,native,NA,4947
drill.jpg,neck.jpg,F_14_LFD_N_de.wav,filler,LFD,original,NA,groupC,native,NA,4833
brush.jpg,rose.jpg,F_15_LFD_N_de.wav,filler,LFD,original,NA,groupC,native,NA,5943
walrus.jpg,net.jpg,F_16_LFD_N_de.wav,filler,LFD,original,NA,groupC,native,NA,5840
wine.jpg,penguin.jpg,F_1_HFF_N_de.wav,filler,HFF,original,NA,groupC,native,NA,2711
hat.jpg,peach.jpg,F_2_HFF_N_de.wav,filler,HFF,original,NA,groupC,native,NA,2527
cheese.jpg,butterfly.jpg,F_3_HFF_N_de.wav,filler,HFF,original,NA,groupC,native,NA,2527
floor.jpg,thimble.jpg,F_4_HFF_N_de.wav,filler,HFF,original,NA,groupC,native,NA,2564
man.jpg,beaver.jpg,F_5_HFF_N_de.wav,filler,HFF,original,NA,groupC,native,NA,2564
city.jpg,flute.jpg,F_6_HFF_N_de.wav,filler,HFF,original,NA,groupC,native,NA,2478
bar.jpg,artichoke.jpg,F_7_HFF_N_de.wav,filler,HFF,original,NA,groupC,native,NA,2425
woman.jpg,slide.jpg,F_8_HFF_N_de.wav,filler,HFF,original,NA,groupC,native,NA,2417
book.jpg,antlers.jpg,F_9_HFF_N_de.wav,filler,HFF,original,NA,groupC,native,NA,2503
piano.jpg,razor.jpg,F_10_HFF_N_de.wav,filler,HFF,original,NA,groupC,native,NA,2670
horse.jpg,iron.jpg,F_11_HFF_N_de.wav,filler,HFF,original,NA,groupC,native,NA,2564
glass.jpg,zebra.jpg,F_12_HFF_N_de.wav,filler,HFF,original,NA,groupC,native,NA,2633
boy.jpg,anvil.jpg,F_13_HFF_N_de.wav,filler,HFF,original,NA,groupC,native,NA,2478
fire.jpg,binoculars.jpg,F_14_HFF_N_de.wav,filler,HFF,original,NA,groupC,native,NA,2580
lips.jpg,safetypin.jpg,F_15_HFF_N_de.wav,filler,HFF,original,NA,groupC,native,NA,2478
rock.jpg,recordplayer.jpg,F_16_HFF_N_de.wav,filler,HFF,original,NA,groupC,native,NA,2580
hose.jpg,dog.jpg,T_1_LFF_D_N_de.wav,target,LFF,1F,2074,groupD,native,NA,2796
snail.jpg,church.jpg,T_2_LFF_D_N_de.wav,target,LFF,2F,1982,groupD,native,NA,2543
wateringcan.jpg,nose.jpg,T_3_LFF_D_N_de.wav,target,LFF,3F,1892,groupD,native,NA,2888
strawberry.jpg,door.jpg,T_4_LFF_D_N_de.wav,target,LFF,1F,2074,groupD,native,NA,2936
dolphin.jpg,fish.jpg,T_5_LFF_D_N_de.wav,target,LFF,2F,1982,groupD,native,NA,2730
bat.jpg,hand.jpg,T_6_LFF_D_N_de.wav,target,LFF,3F,1892,groupD,native,NA,2753
puzzle.jpg,eye.jpg,T_7_LFF_D_N_de.wav,target,LFF,1F,2074,groupD,native,NA,2802
dinosaur.jpg,tree.jpg,T_8_LFF_D_N_de.wav,target,LFF,2F,1982,groupD,native,NA,2870
saw.jpg,bottle.jpg,T_1_LFD_D_N_de.wav,target,LFD,1D,3261,groupD,native,NA,3901
harp.jpg,sun.jpg,T_2_LFD_D_N_de.wav,target,LFD,2D,3393,groupD,native,NA,3981
fan.jpg,moon.jpg,T_3_LFD_D_N_de.wav,target,LFD,3D,3302,groupD,native,NA,4243
alligator.jpg,car.jpg,T_4_LFD_D_N_de.wav,target,LFD,1D,3261,groupD,native,NA,4226
rhinoceros.jpg,baby.jpg,T_5_LFD_D_N_de.wav,target,LFD,2D,3393,groupD,native,NA,4243
snowman.jpg,bus.jpg,T_6_LFD_D_N_de.wav,target,LFD,3D,3302,groupD,native,NA,3938
ostrich.jpg,arm.jpg,T_7_LFD_D_N_de.wav,target,LFD,1D,3261,groupD,native,NA,4147
pumpkin.jpg,train.jpg,T_8_LFD_D_N_de.wav,target,LFD,2D,3393,groupD,native,NA,4036
table.jpg,highchair.jpg,T_1_HFF_D_N_de.wav,target,HFF,1F,2074,groupD,native,NA,2639
factory.jpg,sewingmachine.jpg,T_2_HFF_D_N_de.wav,target,HFF,2F,1982,groupD,native,NA,2728
stairs.jpg,wheelbarrow.jpg,T_3_HFF_D_N_de.wav,target,HFF,3F,1892,groupD,native,NA,2509
rain.jpg,igloo.jpg,T_4_HFF_D_N_de.wav,target,HFF,1F,2074,groupD,native,NA,2824
wall.jpg,swing.jpg,T_5_HFF_D_N_de.wav,target,HFF,2F,1982,groupD,native,NA,2389
bridge.jpg,pineapple.jpg,T_6_HFF_D_N_de.wav,target,HFF,3F,1892,groupD,native,NA,2443
cigarette.jpg,typewriter.jpg,T_7_HFF_D_N_de.wav,target,HFF,2F,1982,groupD,native,NA,2642
king.jpg,vacuum.jpg,T_8_HFF_D_N_de.wav,target,HFF,3F,1892,groupD,native,NA,2604
bench.jpg,toothbrush.jpg,T_1_HFD_D_N_de.wav,target,HFD,1D,3261,groupD,native,NA,3892
shoe.jpg,blimp.jpg,T_2_HFD_D_N_de.wav,target,HFD,2D,3393,groupD,native,NA,3913
chair.jpg,globe.jpg,T_3_HFD_D_N_de.wav,target,HFD,3D,3302,groupD,native,NA,3979
star.jpg,funnel.jpg,T_4_HFD_D_N_de.wav,target,HFD,1D,3261,groupD,native,NA,3936
telephone.jpg,unicorn.jpg,T_5_HFD_D_N_de.wav,target,HFD,2D,3393,groupD,native,NA,4126
tooth.jpg,cactus.jpg,T_6_HFD_D_N_de.wav,target,HFD,3D,3302,groupD,native,NA,3897
ball.jpg,earring.jpg,T_7_HFD_D_N_de.wav,target,HFD,2D,3393,groupD,native,NA,3975
flower.jpg,palmtree.jpg,T_8_HFD_D_N_de.wav,target,HFD,3D,3302,groupD,native,NA,3729
raccoon.jpg,smoke.jpg,F_1_LFD_N_de.wav,filler,LFD,original,NA,groupD,native,NA,4745
jumprope.jpg,house.jpg,F_2_LFD_N_de.wav,filler,LFD,original,NA,groupD,native,NA,5450
radish.jpg,bread.jpg,F_3_LFD_N_de.wav,filler,LFD,original,NA,groupD,native,NA,5953
pick.jpg,bride.jpg,F_4_LFD_N_de.wav,filler,LFD,original,NA,groupD,native,NA,4701
pencilsharpener.jpg,bird.jpg,F_5_LFD_N_de.wav,filler,LFD,original,NA,groupD,native,NA,4208
tripod.jpg,ear.jpg,F_6_LFD_N_de.wav,filler,LFD,original,NA,groupD,native,NA,5600
seahorse.jpg,paper.jpg,F_7_LFD_N_de.wav,filler,LFD,original,NA,groupD,native,NA,4658
ladle.jpg,butter.jpg,F_8_LFD_N_de.wav,filler,LFD,original,NA,groupD,native,NA,4562
firehydrant.jpg,doctor.jpg,F_9_LFD_N_de.wav,filler,LFD,original,NA,groupD,native,NA,4208
kangaroo.jpg,wood.jpg,F_10_LFD_N_de.wav,filler,LFD,original,NA,groupD,native,NA,4390
crib.jpg,road.jpg,F_11_LFD_N_de.wav,filler,LFD,original,NA,groupD,native,NA,4390
leopard.jpg,priest.jpg,F_12_LFD_N_de.wav,filler,LFD,original,NA,groupD,native,NA,4390
ladybug.jpg,suitcase.jpg,F_13_LFD_N_de.wav,filler,LFD,original,NA,groupD,native,NA,4947
drill.jpg,neck.jpg,F_14_LFD_N_de.wav,filler,LFD,original,NA,groupD,native,NA,4833
brush.jpg,rose.jpg,F_15_LFD_N_de.wav,filler,LFD,original,NA,groupD,native,NA,5943
walrus.jpg,net.jpg,F_16_LFD_N_de.wav,filler,LFD,original,NA,groupD,native,NA,5840
wine.jpg,penguin.jpg,F_1_HFF_N_de.wav,filler,HFF,original,NA,groupD,native,NA,2711
hat.jpg,peach.jpg,F_2_HFF_N_de.wav,filler,HFF,original,NA,groupD,native,NA,2527
cheese.jpg,butterfly.jpg,F_3_HFF_N_de.wav,filler,HFF,original,NA,groupD,native,NA,2527
floor.jpg,thimble.jpg,F_4_HFF_N_de.wav,filler,HFF,original,NA,groupD,native,NA,2564
man.jpg,beaver.jpg,F_5_HFF_N_de.wav,filler,HFF,original,NA,groupD,native,NA,2564
city.jpg,flute.jpg,F_6_HFF_N_de.wav,filler,HFF,original,NA,groupD,native,NA,2478
bar.jpg,artichoke.jpg,F_7_HFF_N_de.wav,filler,HFF,original,NA,groupD,native,NA,2425
woman.jpg,slide.jpg,F_8_HFF_N_de.wav,filler,HFF,original,NA,groupD,native,NA,2417
book.jpg,antlers.jpg,F_9_HFF_N_de.wav,filler,HFF,original,NA,groupD,native,NA,2503
piano.jpg,razor.jpg,F_10_HFF_N_de.wav,filler,HFF,original,NA,groupD,native,NA,2670
horse.jpg,iron.jpg,F_11_HFF_N_de.wav,filler,HFF,original,NA,groupD,native,NA,2564
glass.jpg,zebra.jpg,F_12_HFF_N_de.wav,filler,HFF,original,NA,groupD,native,NA,2633
boy.jpg,anvil.jpg,F_13_HFF_N_de.wav,filler,HFF,original,NA,groupD,native,NA,2478
fire.jpg,binoculars.jpg,F_14_HFF_N_de.wav,filler,HFF,original,NA,groupD,native,NA,2580
lips.jpg,safetypin.jpg,F_15_HFF_N_de.wav,filler,HFF,original,NA,groupD,native,NA,2478
rock.jpg,recordplayer.jpg,F_16_HFF_N_de.wav,filler,HFF,original,NA,groupD,native,NA,2580
toothbrush.jpg,bench.jpg,T_1_LFF_A_NN_de.wav,target,LFF,1F,2137,groupA,non-native,NA,4068
blimp.jpg,shoe.jpg,T_2_LFF_A_NN_de.wav,target,LFF,2F,2192,groupA,non-native,NA,3495
globe.jpg,chair.jpg,T_3_LFF_A_NN_de.wav,target,LFF,3F,2095,groupA,non-native,NA,3967
funnel.jpg,star.jpg,T_4_LFF_A_NN_de.wav,target,LFF,1F,2137,groupA,non-native,NA,3655
unicorn.jpg,telephone.jpg,T_5_LFF_A_NN_de.wav,target,LFF,2F,2192,groupA,non-native,NA,3729
cactus.jpg,tooth.jpg,T_6_LFF_A_NN_de.wav,target,LFF,3F,2095,groupA,non-native,NA,3528
earring.jpg,ball.jpg,T_7_LFF_A_NN_de.wav,target,LFF,1F,2137,groupA,non-native,NA,4000
palmtree.jpg,flower.jpg,T_8_LFF_A_NN_de.wav,target,LFF,2F,2192,groupA,non-native,NA,3367
highchair.jpg,table.jpg,T_1_LFD_A_NN_de.wav,target,LFD,1D,3742,groupA,non-native,NA,5589
sewingmachine.jpg,factory.jpg,T_2_LFD_A_NN_de.wav,target,LFD,2D,3837,groupA,non-native,NA,5198
wheelbarrow.jpg,stairs.jpg,T_3_LFD_A_NN_de.wav,target,LFD,3D,3678,groupA,non-native,NA,5003
igloo.jpg,rain.jpg,T_4_LFD_A_NN_de.wav,target,LFD,1D,3742,groupA,non-native,NA,4950
swing.jpg,wall.jpg,T_5_LFD_A_NN_de.wav,target,LFD,2D,3837,groupA,non-native,NA,4731
pineapple.jpg,bridge.jpg,T_6_LFD_A_NN_de.wav,target,LFD,3D,3678,groupA,non-native,NA,4796
typewriter.jpg,cigarette.jpg,T_7_LFD_A_NN_de.wav,target,LFD,1D,3742,groupA,non-native,NA,5146
vacuum.jpg,king.jpg,T_8_LFD_A_NN_de.wav,target,LFD,2D,3837,groupA,non-native,NA,5067
bottle.jpg,saw.jpg,T_1_HFF_A_NN_de.wav,target,HFF,1F,2137,groupA,non-native,NA,3286
sun.jpg,harp.jpg,T_2_HFF_A_NN_de.wav,target,HFF,2F,2192,groupA,non-native,NA,3118
moon.jpg,fan.jpg,T_3_HFF_A_NN_de.wav,target,HFF,3F,2095,groupA,non-native,NA,3072
car.jpg,alligator.jpg,T_4_HFF_A_NN_de.wav,target,HFF,1F,2137,groupA,non-native,NA,3137
baby.jpg,rhinoceros.jpg,T_5_HFF_A_NN_de.wav,target,HFF,2F,2192,groupA,non-native,NA,3211
bus.jpg,snowman.jpg,T_6_HFF_A_NN_de.wav,target,HFF,3F,2095,groupA,non-native,NA,3055
arm.jpg,ostrich.jpg,T_7_HFF_A_NN_de.wav,target,HFF,2F,2192,groupA,non-native,NA,3047
train.jpg,pumpkin.jpg,T_8_HFF_A_NN_de.wav,target,HFF,3F,2095,groupA,non-native,NA,2969
dog.jpg,hose.jpg,T_1_HFD_A_NN_de.wav,target,HFD,1D,3742,groupA,non-native,NA,4719
church.jpg,snail.jpg,T_2_HFD_A_NN_de.wav,target,HFD,2D,3837,groupA,non-native,NA,4743
nose.jpg,wateringcan.jpg,T_3_HFD_A_NN_de.wav,target,HFD,3D,3678,groupA,non-native,NA,4628
door.jpg,strawberry.jpg,T_4_HFD_A_NN_de.wav,target,HFD,1D,3742,groupA,non-native,NA,4551
fish.jpg,dolphin.jpg,T_5_HFD_A_NN_de.wav,target,HFD,2D,3837,groupA,non-native,NA,4748
hand.jpg,bat.jpg,T_6_HFD_A_NN_de.wav,target,HFD,3D,3678,groupA,non-native,NA,4551
eye.jpg,puzzle.jpg,T_7_HFD_A_NN_de.wav,target,HFD,2D,3837,groupA,non-native,NA,4649
tree.jpg,dinosaur.jpg,T_8_HFD_A_NN_de.wav,target,HFD,3D,3678,groupA,non-native,NA,4515
raccoon.jpg,smoke.jpg,F_1_LFD_NN_de.wav,filler,LFD,original,NA,groupA,non-native,NA,4594
jumprope.jpg,house.jpg,F_2_LFD_NN_de.wav,filler,LFD,original,NA,groupA,non-native,NA,5199
radish.jpg,bread.jpg,F_3_LFD_NN_de.wav,filler,LFD,original,NA,groupA,non-native,NA,5741
pick.jpg,bride.jpg,F_4_LFD_NN_de.wav,filler,LFD,original,NA,groupA,non-native,NA,5184
pencilsharpener.jpg,bird.jpg,F_5_LFD_NN_de.wav,filler,LFD,original,NA,groupA,non-native,NA,5797
tripod.jpg,ear.jpg,F_6_LFD_NN_de.wav,filler,LFD,original,NA,groupA,non-native,NA,5703
seahorse.jpg,paper.jpg,F_7_LFD_NN_de.wav,filler,LFD,original,NA,groupA,non-native,NA,5389
ladle.jpg,butter.jpg,F_8_LFD_NN_de.wav,filler,LFD,original,NA,groupA,non-native,NA,5257
firehydrant.jpg,doctor.jpg,F_9_LFD_NN_de.wav,filler,LFD,original,NA,groupA,non-native,NA,5081
kangaroo.jpg,wood.jpg,F_10_LFD_NN_de.wav,filler,LFD,original,NA,groupA,non-native,NA,6037
crib.jpg,road.jpg,F_11_LFD_NN_de.wav,filler,LFD,original,NA,groupA,non-native,NA,4697
leopard.jpg,priest.jpg,F_12_LFD_NN_de.wav,filler,LFD,original,NA,groupA,non-native,NA,5470
ladybug.jpg,suitcase.jpg,F_13_LFD_NN_de.wav,filler,LFD,original,NA,groupA,non-native,NA,5921
drill.jpg,neck.jpg,F_14_LFD_NN_de.wav,filler,LFD,original,NA,groupA,non-native,NA,6212
brush.jpg,rose.jpg,F_15_LFD_NN_de.wav,filler,LFD,original,NA,groupA,non-native,NA,5986
walrus.jpg,net.jpg,F_16_LFD_NN_de.wav,filler,LFD,original,NA,groupA,non-native,NA,4935
wine.jpg,penguin.jpg,F_1_HFF_NN_de.wav,filler,HFF,original,NA,groupA,non-native,NA,3132
hat.jpg,peach.jpg,F_2_HFF_NN_de.wav,filler,HFF,original,NA,groupA,non-native,NA,3047
cheese.jpg,butterfly.jpg,F_3_HFF_NN_de.wav,filler,HFF,original,NA,groupA,non-native,NA,3309
floor.jpg,thimble.jpg,F_4_HFF_NN_de.wav,filler,HFF,original,NA,groupA,non-native,NA,3154
man.jpg,beaver.jpg,F_5_HFF_NN_de.wav,filler,HFF,original,NA,groupA,non-native,NA,2743
city.jpg,flute.jpg,F_6_HFF_NN_de.wav,filler,HFF,original,NA,groupA,non-native,NA,2958
bar.jpg,artichoke.jpg,F_7_HFF_NN_de.wav,filler,HFF,original,NA,groupA,non-native,NA,2743
woman.jpg,slide.jpg,F_8_HFF_NN_de.wav,filler,HFF,original,NA,groupA,non-native,NA,2929
book.jpg,antlers.jpg,F_9_HFF_NN_de.wav,filler,HFF,original,NA,groupA,non-native,NA,2967
piano.jpg,razor.jpg,F_10_HFF_NN_de.wav,filler,HFF,original,NA,groupA,non-native,NA,3201
horse.jpg,iron.jpg,F_11_HFF_NN_de.wav,filler,HFF,original,NA,groupA,non-native,NA,3047
glass.jpg,zebra.jpg,F_12_HFF_NN_de.wav,filler,HFF,original,NA,groupA,non-native,NA,2929
boy.jpg,anvil.jpg,F_13_HFF_NN_de.wav,filler,HFF,original,NA,groupA,non-native,NA,2873
fire.jpg,binoculars.jpg,F_14_HFF_NN_de.wav,filler,HFF,original,NA,groupA,non-native,NA,2929
lips.jpg,safetypin.jpg,F_15_HFF_NN_de.wav,filler,HFF,original,NA,groupA,non-native,NA,2721
rock.jpg,recordplayer.jpg,F_16_HFF_NN_de.wav,filler,HFF,original,NA,groupA,non-native,NA,2967
highchair.jpg,table.jpg,T_1_LFF_B_NN_de.wav,target,LFF,1F,2137,groupB,non-native,NA,4022
sewingmachine.jpg,factory.jpg,T_2_LFF_B_NN_de.wav,target,LFF,2F,2192,groupB,non-native,NA,3584
wheelbarrow.jpg,stairs.jpg,T_3_LFF_B_NN_de.wav,target,LFF,3F,2095,groupB,non-native,NA,3513
igloo.jpg,rain.jpg,T_4_LFF_B_NN_de.wav,target,LFF,1F,2137,groupB,non-native,NA,3467
swing.jpg,wall.jpg,T_5_LFF_B_NN_de.wav,target,LFF,2F,2192,groupB,non-native,NA,3234
pineapple.jpg,bridge.jpg,T_6_LFF_B_NN_de.wav,target,LFF,3F,2095,groupB,non-native,NA,3306
typewriter.jpg,cigarette.jpg,T_7_LFF_B_NN_de.wav,target,LFF,1F,2137,groupB,non-native,NA,3617
vacuum.jpg,king.jpg,T_8_LFF_B_NN_de.wav,target,LFF,2F,2192,groupB,non-native,NA,3570
toothbrush.jpg,bench.jpg,T_1_LFD_B_NN_de.wav,target,LFD,1D,3742,groupB,non-native,NA,5548
blimp.jpg,shoe.jpg,T_2_LFD_B_NN_de.wav,target,LFD,2D,3837,groupB,non-native,NA,4956
globe.jpg,chair.jpg,T_3_LFD_B_NN_de.wav,target,LFD,3D,3678,groupB,non-native,NA,5457
funnel.jpg,star.jpg,T_4_LFD_B_NN_de.wav,target,LFD,1D,3742,groupB,non-native,NA,5139
unicorn.jpg,telephone.jpg,T_5_LFD_B_NN_de.wav,target,LFD,2D,3837,groupB,non-native,NA,5226
cactus.jpg,tooth.jpg,T_6_LFD_B_NN_de.wav,target,LFD,3D,3678,groupB,non-native,NA,5018
earring.jpg,ball.jpg,T_7_LFD_B_NN_de.wav,target,LFD,1D,3742,groupB,non-native,NA,5483
palmtree.jpg,flower.jpg,T_8_LFD_B_NN_de.wav,target,LFD,2D,3837,groupB,non-native,NA,4864
dog.jpg,hose.jpg,T_1_HFF_B_NN_de.wav,target,HFF,1F,2137,groupB,non-native,NA,3116
church.jpg,snail.jpg,T_2_HFF_B_NN_de.wav,target,HFF,2F,2192,groupB,non-native,NA,3087
nose.jpg,wateringcan.jpg,T_3_HFF_B_NN_de.wav,target,HFF,3F,2095,groupB,non-native,NA,3138
door.jpg,strawberry.jpg,T_4_HFF_B_NN_de.wav,target,HFF,1F,2137,groupB,non-native,NA,3068
fish.jpg,dolphin.jpg,T_5_HFF_B_NN_de.wav,target,HFF,2F,2192,groupB,non-native,NA,3256
hand.jpg,bat.jpg,T_6_HFF_B_NN_de.wav,target,HFF,3F,2095,groupB,non-native,NA,3061
eye.jpg,puzzle.jpg,T_7_HFF_B_NN_de.wav,target,HFF,2F,2192,groupB,non-native,NA,3152
tree.jpg,dinosaur.jpg,T_8_HFF_B_NN_de.wav,target,HFF,3F,2095,groupB,non-native,NA,3026
bottle.jpg,saw.jpg,T_1_HFD_B_NN_de.wav,target,HFD,1D,3742,groupB,non-native,NA,4786
sun.jpg,harp.jpg,T_2_HFD_B_NN_de.wav,target,HFD,2D,3837,groupB,non-native,NA,4526
moon.jpg,fan.jpg,T_3_HFD_B_NN_de.wav,target,HFD,3D,3678,groupB,non-native,NA,4562
car.jpg,alligator.jpg,T_4_HFD_B_NN_de.wav,target,HFD,1D,3742,groupB,non-native,NA,4620
baby.jpg,rhinoceros.jpg,T_5_HFD_B_NN_de.wav,target,HFD,2D,3837,groupB,non-native,NA,4708
bus.jpg,snowman.jpg,T_6_HFD_B_NN_de.wav,target,HFD,3D,3678,groupB,non-native,NA,4545
arm.jpg,ostrich.jpg,T_7_HFD_B_NN_de.wav,target,HFD,2D,3837,groupB,non-native,NA,4544
train.jpg,pumpkin.jpg,T_8_HFD_B_NN_de.wav,target,HFD,3D,3678,groupB,non-native,NA,4459
raccoon.jpg,smoke.jpg,F_1_LFD_NN_de.wav,filler,LFD,original,NA,groupB,non-native,NA,4594
jumprope.jpg,house.jpg,F_2_LFD_NN_de.wav,filler,LFD,original,NA,groupB,non-native,NA,5199
radish.jpg,bread.jpg,F_3_LFD_NN_de.wav,filler,LFD,original,NA,groupB,non-native,NA,5741
pick.jpg,bride.jpg,F_4_LFD_NN_de.wav,filler,LFD,original,NA,groupB,non-native,NA,5184
pencilsharpener.jpg,bird.jpg,F_5_LFD_NN_de.wav,filler,LFD,original,NA,groupB,non-native,NA,5797
tripod.jpg,ear.jpg,F_6_LFD_NN_de.wav,filler,LFD,original,NA,groupB,non-native,NA,5703
seahorse.jpg,paper.jpg,F_7_LFD_NN_de.wav,filler,LFD,original,NA,groupB,non-native,NA,5389
ladle.jpg,butter.jpg,F_8_LFD_NN_de.wav,filler,LFD,original,NA,groupB,non-native,NA,5257
firehydrant.jpg,doctor.jpg,F_9_LFD_NN_de.wav,filler,LFD,original,NA,groupB,non-native,NA,5081
kangaroo.jpg,wood.jpg,F_10_LFD_NN_de.wav,filler,LFD,original,NA,groupB,non-native,NA,6037
crib.jpg,road.jpg,F_11_LFD_NN_de.wav,filler,LFD,original,NA,groupB,non-native,NA,4697
leopard.jpg,priest.jpg,F_12_LFD_NN_de.wav,filler,LFD,original,NA,groupB,non-native,NA,5470
ladybug.jpg,suitcase.jpg,F_13_LFD_NN_de.wav,filler,LFD,original,NA,groupB,non-native,NA,5921
drill.jpg,neck.jpg,F_14_LFD_NN_de.wav,filler,LFD,original,NA,groupB,non-native,NA,6212
brush.jpg,rose.jpg,F_15_LFD_NN_de.wav,filler,LFD,original,NA,groupB,non-native,NA,5986
walrus.jpg,net.jpg,F_16_LFD_NN_de.wav,filler,LFD,original,NA,groupB,non-native,NA,4935
wine.jpg,penguin.jpg,F_1_HFF_NN_de.wav,filler,HFF,original,NA,groupB,non-native,NA,3132
hat.jpg,peach.jpg,F_2_HFF_NN_de.wav,filler,HFF,original,NA,groupB,non-native,NA,3047
cheese.jpg,butterfly.jpg,F_3_HFF_NN_de.wav,filler,HFF,original,NA,groupB,non-native,NA,3309
floor.jpg,thimble.jpg,F_4_HFF_NN_de.wav,filler,HFF,original,NA,groupB,non-native,NA,3154
man.jpg,beaver.jpg,F_5_HFF_NN_de.wav,filler,HFF,original,NA,groupB,non-native,NA,2743
city.jpg,flute.jpg,F_6_HFF_NN_de.wav,filler,HFF,original,NA,groupB,non-native,NA,2958
bar.jpg,artichoke.jpg,F_7_HFF_NN_de.wav,filler,HFF,original,NA,groupB,non-native,NA,2743
woman.jpg,slide.jpg,F_8_HFF_NN_de.wav,filler,HFF,original,NA,groupB,non-native,NA,2929
book.jpg,antlers.jpg,F_9_HFF_NN_de.wav,filler,HFF,original,NA,groupB,non-native,NA,2967
piano.jpg,razor.jpg,F_10_HFF_NN_de.wav,filler,HFF,original,NA,groupB,non-native,NA,3201
horse.jpg,iron.jpg,F_11_HFF_NN_de.wav,filler,HFF,original,NA,groupB,non-native,NA,3047
glass.jpg,zebra.jpg,F_12_HFF_NN_de.wav,filler,HFF,original,NA,groupB,non-native,NA,2929
boy.jpg,anvil.jpg,F_13_HFF_NN_de.wav,filler,HFF,original,NA,groupB,non-native,NA,2873
fire.jpg,binoculars.jpg,F_14_HFF_NN_de.wav,filler,HFF,original,NA,groupB,non-native,NA,2929
lips.jpg,safetypin.jpg,F_15_HFF_NN_de.wav,filler,HFF,original,NA,groupB,non-native,NA,2721
rock.jpg,recordplayer.jpg,F_16_HFF_NN_de.wav,filler,HFF,original,NA,groupB,non-native,NA,2967
saw.jpg,bottle.jpg,T_1_LFF_C_NN_de.wav,target,LFF,1F,2137,groupC,non-native,NA,3689
harp.jpg,sun.jpg,T_2_LFF_C_NN_de.wav,target,LFF,2F,2192,groupC,non-native,NA,3317
fan.jpg,moon.jpg,T_3_LFF_C_NN_de.wav,target,LFF,3F,2095,groupC,non-native,NA,3909
alligator.jpg,car.jpg,T_4_LFF_C_NN_de.wav,target,LFF,1F,2137,groupC,non-native,NA,3559
rhinoceros.jpg,baby.jpg,T_5_LFF_C_NN_de.wav,target,LFF,2F,2192,groupC,non-native,NA,3379
snowman.jpg,bus.jpg,T_6_LFF_C_NN_de.wav,target,LFF,3F,2095,groupC,non-native,NA,3319
ostrich.jpg,arm.jpg,T_7_LFF_C_NN_de.wav,target,LFF,1F,2137,groupC,non-native,NA,3585
pumpkin.jpg,train.jpg,T_8_LFF_C_NN_de.wav,target,LFF,2F,2192,groupC,non-native,NA,3765
hose.jpg,dog.jpg,T_1_LFD_C_NN_de.wav,target,LFD,1D,3742,groupC,non-native,NA,4937
snail.jpg,church.jpg,T_2_LFD_C_NN_de.wav,target,LFD,2D,3837,groupC,non-native,NA,4950
wateringcan.jpg,nose.jpg,T_3_LFD_C_NN_de.wav,target,LFD,3D,3678,groupC,non-native,NA,4789
strawberry.jpg,door.jpg,T_4_LFD_C_NN_de.wav,target,LFD,1D,3742,groupC,non-native,NA,4972
dolphin.jpg,fish.jpg,T_5_LFD_C_NN_de.wav,target,LFD,2D,3837,groupC,non-native,NA,4782
bat.jpg,hand.jpg,T_6_LFD_C_NN_de.wav,target,LFD,3D,3678,groupC,non-native,NA,5488
puzzle.jpg,eye.jpg,T_7_LFD_C_NN_de.wav,target,LFD,1D,3742,groupC,non-native,NA,5125
dinosaur.jpg,tree.jpg,T_8_LFD_C_NN_de.wav,target,LFD,2D,3837,groupC,non-native,NA,5256
bench.jpg,toothbrush.jpg,T_1_HFF_C_NN_de.wav,target,HFF,1F,2137,groupC,non-native,NA,2978
shoe.jpg,blimp.jpg,T_2_HFF_C_NN_de.wav,target,HFF,2F,2192,groupC,non-native,NA,3041
chair.jpg,globe.jpg,T_3_HFF_C_NN_de.wav,target,HFF,3F,2095,groupC,non-native,NA,3036
star.jpg,funnel.jpg,T_4_HFF_C_NN_de.wav,target,HFF,1F,2137,groupC,non-native,NA,3078
telephone.jpg,unicorn.jpg,T_5_HFF_C_NN_de.wav,target,HFF,2F,2192,groupC,non-native,NA,3346
tooth.jpg,cactus.jpg,T_6_HFF_C_NN_de.wav,target,HFF,3F,2095,groupC,non-native,NA,4620
ball.jpg,earring.jpg,T_7_HFF_C_NN_de.wav,target,HFF,2F,2192,groupC,non-native,NA,2982
flower.jpg,palmtree.jpg,T_8_HFF_C_NN_de.wav,target,HFF,3F,2095,groupC,non-native,NA,2981
table.jpg,highchair.jpg,T_1_HFD_C_NN_de.wav,target,HFD,1D,3742,groupC,non-native,NA,4551
factory.jpg,sewingmachine.jpg,T_2_HFD_C_NN_de.wav,target,HFD,2D,3837,groupC,non-native,NA,4651
stairs.jpg,wheelbarrow.jpg,T_3_HFD_C_NN_de.wav,target,HFD,3D,3678,groupC,non-native,NA,4412
rain.jpg,igloo.jpg,T_4_HFD_C_NN_de.wav,target,HFD,1D,3742,groupC,non-native,NA,4650
wall.jpg,swing.jpg,T_5_HFD_C_NN_de.wav,target,HFD,2D,3837,groupC,non-native,NA,4587
bridge.jpg,pineapple.jpg,T_6_HFD_C_NN_de.wav,target,HFD,3D,3678,groupC,non-native,NA,4832
cigarette.jpg,typewriter.jpg,T_7_HFD_C_NN_de.wav,target,HFD,2D,3837,groupC,non-native,NA,5468
king.jpg,vacuum.jpg,T_8_HFD_C_NN_de.wav,target,HFD,3D,3678,groupC,non-native,NA,4729
raccoon.jpg,smoke.jpg,F_1_LFD_NN_de.wav,filler,LFD,original,NA,groupC,non-native,NA,4594
jumprope.jpg,house.jpg,F_2_LFD_NN_de.wav,filler,LFD,original,NA,groupC,non-native,NA,5199
radish.jpg,bread.jpg,F_3_LFD_NN_de.wav,filler,LFD,original,NA,groupC,non-native,NA,5741
pick.jpg,bride.jpg,F_4_LFD_NN_de.wav,filler,LFD,original,NA,groupC,non-native,NA,5184
pencilsharpener.jpg,bird.jpg,F_5_LFD_NN_de.wav,filler,LFD,original,NA,groupC,non-native,NA,5797
tripod.jpg,ear.jpg,F_6_LFD_NN_de.wav,filler,LFD,original,NA,groupC,non-native,NA,5703
seahorse.jpg,paper.jpg,F_7_LFD_NN_de.wav,filler,LFD,original,NA,groupC,non-native,NA,5389
ladle.jpg,butter.jpg,F_8_LFD_NN_de.wav,filler,LFD,original,NA,groupC,non-native,NA,5257
firehydrant.jpg,doctor.jpg,F_9_LFD_NN_de.wav,filler,LFD,original,NA,groupC,non-native,NA,5081
kangaroo.jpg,wood.jpg,F_10_LFD_NN_de.wav,filler,LFD,original,NA,groupC,non-native,NA,6037
crib.jpg,road.jpg,F_11_LFD_NN_de.wav,filler,LFD,original,NA,groupC,non-native,NA,4697
leopard.jpg,priest.jpg,F_12_LFD_NN_de.wav,filler,LFD,original,NA,groupC,non-native,NA,5470
ladybug.jpg,suitcase.jpg,F_13_LFD_NN_de.wav,filler,LFD,original,NA,groupC,non-native,NA,5921
drill.jpg,neck.jpg,F_14_LFD_NN_de.wav,filler,LFD,original,NA,groupC,non-native,NA,6212
brush.jpg,rose.jpg,F_15_LFD_NN_de.wav,filler,LFD,original,NA,groupC,non-native,NA,5986
walrus.jpg,net.jpg,F_16_LFD_NN_de.wav,filler,LFD,original,NA,groupC,non-native,NA,4935
wine.jpg,penguin.jpg,F_1_HFF_NN_de.wav,filler,HFF,original,NA,groupC,non-native,NA,3132
hat.jpg,peach.jpg,F_2_HFF_NN_de.wav,filler,HFF,original,NA,groupC,non-native,NA,3047
cheese.jpg,butterfly.jpg,F_3_HFF_NN_de.wav,filler,HFF,original,NA,groupC,non-native,NA,3309
floor.jpg,thimble.jpg,F_4_HFF_NN_de.wav,filler,HFF,original,NA,groupC,non-native,NA,3154
man.jpg,beaver.jpg,F_5_HFF_NN_de.wav,filler,HFF,original,NA,groupC,non-native,NA,2743
city.jpg,flute.jpg,F_6_HFF_NN_de.wav,filler,HFF,original,NA,groupC,non-native,NA,2958
bar.jpg,artichoke.jpg,F_7_HFF_NN_de.wav,filler,HFF,original,NA,groupC,non-native,NA,2743
woman.jpg,slide.jpg,F_8_HFF_NN_de.wav,filler,HFF,original,NA,groupC,non-native,NA,2929
book.jpg,antlers.jpg,F_9_HFF_NN_de.wav,filler,HFF,original,NA,groupC,non-native,NA,2967
piano.jpg,razor.jpg,F_10_HFF_NN_de.wav,filler,HFF,original,NA,groupC,non-native,NA,3201
horse.jpg,iron.jpg,F_11_HFF_NN_de.wav,filler,HFF,original,NA,groupC,non-native,NA,3047
glass.jpg,zebra.jpg,F_12_HFF_NN_de.wav,filler,HFF,original,NA,groupC,non-native,NA,2929
boy.jpg,anvil.jpg,F_13_HFF_NN_de.wav,filler,HFF,original,NA,groupC,non-native,NA,2873
fire.jpg,binoculars.jpg,F_14_HFF_NN_de.wav,filler,HFF,original,NA,groupC,non-native,NA,2929
lips.jpg,safetypin.jpg,F_15_HFF_NN_de.wav,filler,HFF,original,NA,groupC,non-native,NA,2721
rock.jpg,recordplayer.jpg,F_16_HFF_NN_de.wav,filler,HFF,original,NA,groupC,non-native,NA,2967
hose.jpg,dog.jpg,T_1_LFF_D_NN_de.wav,target,LFF,1F,2137,groupD,non-native,NA,3453
snail.jpg,church.jpg,T_2_LFF_D_NN_de.wav,target,LFF,2F,2192,groupD,non-native,NA,3453
wateringcan.jpg,nose.jpg,T_3_LFF_D_NN_de.wav,target,LFF,3F,2095,groupD,non-native,NA,3299
strawberry.jpg,door.jpg,T_4_LFF_D_NN_de.wav,target,LFF,1F,2137,groupD,non-native,NA,3489
dolphin.jpg,fish.jpg,T_5_LFF_D_NN_de.wav,target,LFF,2F,2192,groupD,non-native,NA,3285
bat.jpg,hand.jpg,T_6_LFF_D_NN_de.wav,target,LFF,3F,2095,groupD,non-native,NA,3998
puzzle.jpg,eye.jpg,T_7_LFF_D_NN_de.wav,target,LFF,1F,2137,groupD,non-native,NA,3642
dinosaur.jpg,tree.jpg,T_8_LFF_D_NN_de.wav,target,LFF,2F,2192,groupD,non-native,NA,3759
saw.jpg,bottle.jpg,T_1_LFD_D_NN_de.wav,target,LFD,1D,3742,groupD,non-native,NA,5172
harp.jpg,sun.jpg,T_2_LFD_D_NN_de.wav,target,LFD,2D,3837,groupD,non-native,NA,4814
fan.jpg,moon.jpg,T_3_LFD_D_NN_de.wav,target,LFD,3D,3678,groupD,non-native,NA,5399
alligator.jpg,car.jpg,T_4_LFD_D_NN_de.wav,target,LFD,1D,3742,groupD,non-native,NA,5043
rhinoceros.jpg,baby.jpg,T_5_LFD_D_NN_de.wav,target,LFD,2D,3837,groupD,non-native,NA,4876
snowman.jpg,bus.jpg,T_6_LFD_D_NN_de.wav,target,LFD,3D,3678,groupD,non-native,NA,4809
ostrich.jpg,arm.jpg,T_7_LFD_D_NN_de.wav,target,LFD,1D,3742,groupD,non-native,NA,5069
pumpkin.jpg,train.jpg,T_8_LFD_D_NN_de.wav,target,LFD,2D,3837,groupD,non-native,NA,5262
table.jpg,highchair.jpg,T_1_HFF_D_NN_de.wav,target,HFF,1F,2137,groupD,non-native,NA,3068
factory.jpg,sewingmachine.jpg,T_2_HFF_D_NN_de.wav,target,HFF,2F,2192,groupD,non-native,NA,3154
stairs.jpg,wheelbarrow.jpg,T_3_HFF_D_NN_de.wav,target,HFF,3F,2095,groupD,non-native,NA,2922
rain.jpg,igloo.jpg,T_4_HFF_D_NN_de.wav,target,HFF,1F,2137,groupD,non-native,NA,3167
wall.jpg,swing.jpg,T_5_HFF_D_NN_de.wav,target,HFF,2F,2192,groupD,non-native,NA,3090
bridge.jpg,pineapple.jpg,T_6_HFF_D_NN_de.wav,target,HFF,3F,2095,groupD,non-native,NA,3342
cigarette.jpg,typewriter.jpg,T_7_HFF_D_NN_de.wav,target,HFF,2F,2192,groupD,non-native,NA,3971
king.jpg,vacuum.jpg,T_8_HFF_D_NN_de.wav,target,HFF,3F,2095,groupD,non-native,NA,3239
bench.jpg,toothbrush.jpg,T_1_HFD_D_NN_de.wav,target,HFD,1D,3742,groupD,non-native,NA,4484
shoe.jpg,blimp.jpg,T_2_HFD_D_NN_de.wav,target,HFD,2D,3837,groupD,non-native,NA,4537
chair.jpg,globe.jpg,T_3_HFD_D_NN_de.wav,target,HFD,3D,3678,groupD,non-native,NA,4526
star.jpg,funnel.jpg,T_4_HFD_D_NN_de.wav,target,HFD,1D,3742,groupD,non-native,NA,4562
telephone.jpg,unicorn.jpg,T_5_HFD_D_NN_de.wav,target,HFD,2D,3837,groupD,non-native,NA,4843
tooth.jpg,cactus.jpg,T_6_HFD_D_NN_de.wav,target,HFD,3D,3678,groupD,non-native,NA,4620
ball.jpg,earring.jpg,T_7_HFD_D_NN_de.wav,target,HFD,2D,3837,groupD,non-native,NA,4479
flower.jpg,palmtree.jpg,T_8_HFD_D_NN_de.wav,target,HFD,3D,3678,groupD,non-native,NA,4471
raccoon.jpg,smoke.jpg,F_1_LFD_NN_de.wav,filler,LFD,original,NA,groupD,non-native,NA,4594
jumprope.jpg,house.jpg,F_2_LFD_NN_de.wav,filler,LFD,original,NA,groupD,non-native,NA,5199
radish.jpg,bread.jpg,F_3_LFD_NN_de.wav,filler,LFD,original,NA,groupD,non-native,NA,5741
pick.jpg,bride.jpg,F_4_LFD_NN_de.wav,filler,LFD,original,NA,groupD,non-native,NA,5184
pencilsharpener.jpg,bird.jpg,F_5_LFD_NN_de.wav,filler,LFD,original,NA,groupD,non-native,NA,5797
tripod.jpg,ear.jpg,F_6_LFD_NN_de.wav,filler,LFD,original,NA,groupD,non-native,NA,5703
seahorse.jpg,paper.jpg,F_7_LFD_NN_de.wav,filler,LFD,original,NA,groupD,non-native,NA,5389
ladle.jpg,butter.jpg,F_8_LFD_NN_de.wav,filler,LFD,original,NA,groupD,non-native,NA,5257
firehydrant.jpg,doctor.jpg,F_9_LFD_NN_de.wav,filler,LFD,original,NA,groupD,non-native,NA,5081
kangaroo.jpg,wood.jpg,F_10_LFD_NN_de.wav,filler,LFD,original,NA,groupD,non-native,NA,6037
crib.jpg,road.jpg,F_11_LFD_NN_de.wav,filler,LFD,original,NA,groupD,non-native,NA,4697
leopard.jpg,priest.jpg,F_12_LFD_NN_de.wav,filler,LFD,original,NA,groupD,non-native,NA,5470
ladybug.jpg,suitcase.jpg,F_13_LFD_NN_de.wav,filler,LFD,original,NA,groupD,non-native,NA,5921
drill.jpg,neck.jpg,F_14_LFD_NN_de.wav,filler,LFD,original,NA,groupD,non-native,NA,6212
brush.jpg,rose.jpg,F_15_LFD_NN_de.wav,filler,LFD,original,NA,groupD,non-native,NA,5986
walrus.jpg,net.jpg,F_16_LFD_NN_de.wav,filler,LFD,original,NA,groupD,non-native,NA,4935
wine.jpg,penguin.jpg,F_1_HFF_NN_de.wav,filler,HFF,original,NA,groupD,non-native,NA,3132
hat.jpg,peach.jpg,F_2_HFF_NN_de.wav,filler,HFF,original,NA,groupD,non-native,NA,3047
cheese.jpg,butterfly.jpg,F_3_HFF_NN_de.wav,filler,HFF,original,NA,groupD,non-native,NA,3309
floor.jpg,thimble.jpg,F_4_HFF_NN_de.wav,filler,HFF,original,NA,groupD,non-native,NA,3154
man.jpg,beaver.jpg,F_5_HFF_NN_de.wav,filler,HFF,original,NA,groupD,non-native,NA,2743
city.jpg,flute.jpg,F_6_HFF_NN_de.wav,filler,HFF,original,NA,groupD,non-native,NA,2958
bar.jpg,artichoke.jpg,F_7_HFF_NN_de.wav,filler,HFF,original,NA,groupD,non-native,NA,2743
woman.jpg,slide.jpg,F_8_HFF_NN_de.wav,filler,HFF,original,NA,groupD,non-native,NA,2929
book.jpg,antlers.jpg,F_9_HFF_NN_de.wav,filler,HFF,original,NA,groupD,non-native,NA,2967
piano.jpg,razor.jpg,F_10_HFF_NN_de.wav,filler,HFF,original,NA,groupD,non-native,NA,3201
horse.jpg,iron.jpg,F_11_HFF_NN_de.wav,filler,HFF,original,NA,groupD,non-native,NA,3047
glass.jpg,zebra.jpg,F_12_HFF_NN_de.wav,filler,HFF,original,NA,groupD,non-native,NA,2929
boy.jpg,anvil.jpg,F_13_HFF_NN_de.wav,filler,HFF,original,NA,groupD,non-native,NA,2873
fire.jpg,binoculars.jpg,F_14_HFF_NN_de.wav,filler,HFF,original,NA,groupD,non-native,NA,2929
lips.jpg,safetypin.jpg,F_15_HFF_NN_de.wav,filler,HFF,original,NA,groupD,non-native,NA,2721
rock.jpg,recordplayer.jpg,F_16_HFF_NN_de.wav,filler,HFF,original,NA,groupD,non-native,NA,2967
