target_image,pair_image,audio,stimulus_type,condition,sentence_template,target word onset (ms),group,speaker,expt practice
rollerskate.jpg,cow.jpg,practice1_N_sk.wav,practice,practice,NA,NA,practice,native,yes
glasses.jpg,bird2.jpg,practice2_N_sk.wav,practice,practice,NA,NA,practice,native,yes
rollerskate.jpg,cow.jpg,practice1_NN_sk.wav,practice,practice,NA,NA,practice,non-native,yes
glasses.jpg,bird2.jpg,practice2_NN_sk.wav,practice,practice,NA,NA,practice,non-native,yes
toothbrush.jpg,bench.jpg,T_1_LFF_A_N_sk.wav,target,LFF,1F,674,groupA,native,NA
blimp.jpg,shoe.jpg,T_2_LFF_A_N_sk.wav,target,LFF,2F,606,groupA,native,NA
globe.jpg,chair.jpg,T_3_LFF_A_N_sk.wav,target,LFF,3F,621,groupA,native,NA
funnel.jpg,star.jpg,T_4_LFF_A_N_sk.wav,target,LFF,1F,674,groupA,native,NA
unicorn.jpg,telephone.jpg,T_5_LFF_A_N_sk.wav,target,LFF,2F,606,groupA,native,NA
cactus.jpg,tooth.jpg,T_6_LFF_A_N_sk.wav,target,LFF,3F,621,groupA,native,NA
earring.jpg,ball.jpg,T_7_LFF_A_N_sk.wav,target,LFF,1F,674,groupA,native,NA
palmtree.jpg,flower.jpg,T_8_LFF_A_N_sk.wav,target,LFF,2F,606,groupA,native,NA
highchair.jpg,table.jpg,T_1_LFD_A_N_sk.wav,target,LFD,1D,2005,groupA,native,NA
sewingmachine.jpg,factory.jpg,T_2_LFD_A_N_sk.wav,target,LFD,2D,2062,groupA,native,NA
wheelbarrow.jpg,stairs.jpg,T_3_LFD_A_N_sk.wav,target,LFD,3D,2138,groupA,native,NA
igloo.jpg,rain.jpg,T_4_LFD_A_N_sk.wav,target,LFD,1D,2005,groupA,native,NA
swing.jpg,wall.jpg,T_5_LFD_A_N_sk.wav,target,LFD,2D,2062,groupA,native,NA
pineapple.jpg,bridge.jpg,T_6_LFD_A_N_sk.wav,target,LFD,3D,2138,groupA,native,NA
typewriter.jpg,cigarette.jpg,T_7_LFD_A_N_sk.wav,target,LFD,1D,2005,groupA,native,NA
vacuum.jpg,king.jpg,T_8_LFD_A_N_sk.wav,target,LFD,2D,2062,groupA,native,NA
bottle.jpg,saw.jpg,T_1_HFF_A_N_sk.wav,target,HFF,1F,674,groupA,native,NA
sun.jpg,harp.jpg,T_2_HFF_A_N_sk.wav,target,HFF,2F,606,groupA,native,NA
moon.jpg,fan.jpg,T_3_HFF_A_N_sk.wav,target,HFF,3F,621,groupA,native,NA
car.jpg,alligator.jpg,T_4_HFF_A_N_sk.wav,target,HFF,1F,674,groupA,native,NA
baby.jpg,rhinoceros.jpg,T_5_HFF_A_N_sk.wav,target,HFF,2F,606,groupA,native,NA
bus.jpg,snowman.jpg,T_6_HFF_A_N_sk.wav,target,HFF,3F,621,groupA,native,NA
arm.jpg,ostrich.jpg,T_7_HFF_A_N_sk.wav,target,HFF,2F,606,groupA,native,NA
train.jpg,pumpkin.jpg,T_8_HFF_A_N_sk.wav,target,HFF,3F,621,groupA,native,NA
dog.jpg,hose.jpg,T_1_HFD_A_N_sk.wav,target,HFD,1D,2005,groupA,native,NA
church.jpg,snail.jpg,T_2_HFD_A_N_sk.wav,target,HFD,2D,2062,groupA,native,NA
nose.jpg,wateringcan.jpg,T_3_HFD_A_N_sk.wav,target,HFD,3D,2138,groupA,native,NA
door.jpg,strawberry.jpg,T_4_HFD_A_N_sk.wav,target,HFD,1D,2005,groupA,native,NA
fish.jpg,dolphin.jpg,T_5_HFD_A_N_sk.wav,target,HFD,2D,2062,groupA,native,NA
hand.jpg,bat.jpg,T_6_HFD_A_N_sk.wav,target,HFD,3D,2138,groupA,native,NA
eye.jpg,puzzle.jpg,T_7_HFD_A_N_sk.wav,target,HFD,2D,2062,groupA,native,NA
tree.jpg,dinosaur.jpg,T_8_HFD_A_N_sk.wav,target,HFD,3D,2138,groupA,native,NA
raccoon.jpg,smoke.jpg,F_1_LFD_N_sk.wav,filler,LFD,original,NA,groupA,native,NA
jumprope.jpg,house.jpg,F_2_LFD_N_sk.wav,filler,LFD,original,NA,groupA,native,NA
radish.jpg,bread.jpg,F_3_LFD_N_sk.wav,filler,LFD,original,NA,groupA,native,NA
pick.jpg,bride.jpg,F_4_LFD_N_sk.wav,filler,LFD,original,NA,groupA,native,NA
pencilsharpener.jpg,bird.jpg,F_5_LFD_N_sk.wav,filler,LFD,original,NA,groupA,native,NA
tripod.jpg,ear.jpg,F_6_LFD_N_sk.wav,filler,LFD,original,NA,groupA,native,NA
seahorse.jpg,paper.jpg,F_7_LFD_N_sk.wav,filler,LFD,original,NA,groupA,native,NA
ladle.jpg,butter.jpg,F_8_LFD_N_sk.wav,filler,LFD,original,NA,groupA,native,NA
firehydrant.jpg,doctor.jpg,F_9_LFD_N_sk.wav,filler,LFD,original,NA,groupA,native,NA
kangaroo.jpg,wood.jpg,F_10_LFD_N_sk.wav,filler,LFD,original,NA,groupA,native,NA
crib.jpg,road.jpg,F_11_LFD_N_sk.wav,filler,LFD,original,NA,groupA,native,NA
leopard.jpg,priest.jpg,F_12_LFD_N_sk.wav,filler,LFD,original,NA,groupA,native,NA
ladybug.jpg,suitcase.jpg,F_13_LFD_N_sk.wav,filler,LFD,original,NA,groupA,native,NA
drill.jpg,neck.jpg,F_14_LFD_N_sk.wav,filler,LFD,original,NA,groupA,native,NA
brush.jpg,rose.jpg,F_15_LFD_N_sk.wav,filler,LFD,original,NA,groupA,native,NA
walrus.jpg,net.jpg,F_16_LFD_N_sk.wav,filler,LFD,original,NA,groupA,native,NA
wine.jpg,penguin.jpg,F_1_HFF_N_sk.wav,filler,HFF,original,NA,groupA,native,NA
hat.jpg,peach.jpg,F_2_HFF_N_sk.wav,filler,HFF,original,NA,groupA,native,NA
cheese.jpg,butterfly.jpg,F_3_HFF_N_sk.wav,filler,HFF,original,NA,groupA,native,NA
floor.jpg,thimble.jpg,F_4_HFF_N_sk.wav,filler,HFF,original,NA,groupA,native,NA
man.jpg,beaver.jpg,F_5_HFF_N_sk.wav,filler,HFF,original,NA,groupA,native,NA
city.jpg,flute.jpg,F_6_HFF_N_sk.wav,filler,HFF,original,NA,groupA,native,NA
bar.jpg,artichoke.jpg,F_7_HFF_N_sk.wav,filler,HFF,original,NA,groupA,native,NA
woman.jpg,slide.jpg,F_8_HFF_N_sk.wav,filler,HFF,original,NA,groupA,native,NA
book.jpg,antlers.jpg,F_9_HFF_N_sk.wav,filler,HFF,original,NA,groupA,native,NA
piano.jpg,razor.jpg,F_10_HFF_N_sk.wav,filler,HFF,original,NA,groupA,native,NA
horse.jpg,iron.jpg,F_11_HFF_N_sk.wav,filler,HFF,original,NA,groupA,native,NA
glass.jpg,zebra.jpg,F_12_HFF_N_sk.wav,filler,HFF,original,NA,groupA,native,NA
boy.jpg,anvil.jpg,F_13_HFF_N_sk.wav,filler,HFF,original,NA,groupA,native,NA
fire.jpg,binoculars.jpg,F_14_HFF_N_sk.wav,filler,HFF,original,NA,groupA,native,NA
lips.jpg,safetypin.jpg,F_15_HFF_N_sk.wav,filler,HFF,original,NA,groupA,native,NA
rock.jpg,recordplayer.jpg,F_16_HFF_N_sk.wav,filler,HFF,original,NA,groupA,native,NA
highchair.jpg,table.jpg,T_1_LFF_B_N_sk.wav,target,LFF,1F,674,groupB,native,NA
sewingmachine.jpg,factory.jpg,T_2_LFF_B_N_sk.wav,target,LFF,2F,606,groupB,native,NA
wheelbarrow.jpg,stairs.jpg,T_3_LFF_B_N_sk.wav,target,LFF,3F,621,groupB,native,NA
igloo.jpg,rain.jpg,T_4_LFF_B_N_sk.wav,target,LFF,1F,674,groupB,native,NA
swing.jpg,wall.jpg,T_5_LFF_B_N_sk.wav,target,LFF,2F,606,groupB,native,NA
pineapple.jpg,bridge.jpg,T_6_LFF_B_N_sk.wav,target,LFF,3F,621,groupB,native,NA
typewriter.jpg,cigarette.jpg,T_7_LFF_B_N_sk.wav,target,LFF,1F,674,groupB,native,NA
vacuum.jpg,king.jpg,T_8_LFF_B_N_sk.wav,target,LFF,2F,606,groupB,native,NA
toothbrush.jpg,bench.jpg,T_1_LFD_B_N_sk.wav,target,LFD,1D,2005,groupB,native,NA
blimp.jpg,shoe.jpg,T_2_LFD_B_N_sk.wav,target,LFD,2D,2062,groupB,native,NA
globe.jpg,chair.jpg,T_3_LFD_B_N_sk.wav,target,LFD,3D,2138,groupB,native,NA
funnel.jpg,star.jpg,T_4_LFD_B_N_sk.wav,target,LFD,1D,2005,groupB,native,NA
unicorn.jpg,telephone.jpg,T_5_LFD_B_N_sk.wav,target,LFD,2D,2062,groupB,native,NA
cactus.jpg,tooth.jpg,T_6_LFD_B_N_sk.wav,target,LFD,3D,2138,groupB,native,NA
earring.jpg,ball.jpg,T_7_LFD_B_N_sk.wav,target,LFD,1D,2005,groupB,native,NA
palmtree.jpg,flower.jpg,T_8_LFD_B_N_sk.wav,target,LFD,2D,2062,groupB,native,NA
dog.jpg,hose.jpg,T_1_HFF_B_N_sk.wav,target,HFF,1F,674,groupB,native,NA
church.jpg,snail.jpg,T_2_HFF_B_N_sk.wav,target,HFF,2F,606,groupB,native,NA
nose.jpg,wateringcan.jpg,T_3_HFF_B_N_sk.wav,target,HFF,3F,621,groupB,native,NA
door.jpg,strawberry.jpg,T_4_HFF_B_N_sk.wav,target,HFF,1F,674,groupB,native,NA
fish.jpg,dolphin.jpg,T_5_HFF_B_N_sk.wav,target,HFF,2F,606,groupB,native,NA
hand.jpg,bat.jpg,T_6_HFF_B_N_sk.wav,target,HFF,3F,621,groupB,native,NA
eye.jpg,puzzle.jpg,T_7_HFF_B_N_sk.wav,target,HFF,2F,606,groupB,native,NA
tree.jpg,dinosaur.jpg,T_8_HFF_B_N_sk.wav,target,HFF,3F,621,groupB,native,NA
bottle.jpg,saw.jpg,T_1_HFD_B_N_sk.wav,target,HFD,1D,2005,groupB,native,NA
sun.jpg,harp.jpg,T_2_HFD_B_N_sk.wav,target,HFD,2D,2062,groupB,native,NA
moon.jpg,fan.jpg,T_3_HFD_B_N_sk.wav,target,HFD,3D,2138,groupB,native,NA
car.jpg,alligator.jpg,T_4_HFD_B_N_sk.wav,target,HFD,1D,2005,groupB,native,NA
baby.jpg,rhinoceros.jpg,T_5_HFD_B_N_sk.wav,target,HFD,2D,2062,groupB,native,NA
bus.jpg,snowman.jpg,T_6_HFD_B_N_sk.wav,target,HFD,3D,2138,groupB,native,NA
arm.jpg,ostrich.jpg,T_7_HFD_B_N_sk.wav,target,HFD,2D,2062,groupB,native,NA
train.jpg,pumpkin.jpg,T_8_HFD_B_N_sk.wav,target,HFD,3D,2138,groupB,native,NA
raccoon.jpg,smoke.jpg,F_1_LFD_N_sk.wav,filler,LFD,original,NA,groupB,native,NA
jumprope.jpg,house.jpg,F_2_LFD_N_sk.wav,filler,LFD,original,NA,groupB,native,NA
radish.jpg,bread.jpg,F_3_LFD_N_sk.wav,filler,LFD,original,NA,groupB,native,NA
pick.jpg,bride.jpg,F_4_LFD_N_sk.wav,filler,LFD,original,NA,groupB,native,NA
pencilsharpener.jpg,bird.jpg,F_5_LFD_N_sk.wav,filler,LFD,original,NA,groupB,native,NA
tripod.jpg,ear.jpg,F_6_LFD_N_sk.wav,filler,LFD,original,NA,groupB,native,NA
seahorse.jpg,paper.jpg,F_7_LFD_N_sk.wav,filler,LFD,original,NA,groupB,native,NA
ladle.jpg,butter.jpg,F_8_LFD_N_sk.wav,filler,LFD,original,NA,groupB,native,NA
firehydrant.jpg,doctor.jpg,F_9_LFD_N_sk.wav,filler,LFD,original,NA,groupB,native,NA
kangaroo.jpg,wood.jpg,F_10_LFD_N_sk.wav,filler,LFD,original,NA,groupB,native,NA
crib.jpg,road.jpg,F_11_LFD_N_sk.wav,filler,LFD,original,NA,groupB,native,NA
leopard.jpg,priest.jpg,F_12_LFD_N_sk.wav,filler,LFD,original,NA,groupB,native,NA
ladybug.jpg,suitcase.jpg,F_13_LFD_N_sk.wav,filler,LFD,original,NA,groupB,native,NA
drill.jpg,neck.jpg,F_14_LFD_N_sk.wav,filler,LFD,original,NA,groupB,native,NA
brush.jpg,rose.jpg,F_15_LFD_N_sk.wav,filler,LFD,original,NA,groupB,native,NA
walrus.jpg,net.jpg,F_16_LFD_N_sk.wav,filler,LFD,original,NA,groupB,native,NA
wine.jpg,penguin.jpg,F_1_HFF_N_sk.wav,filler,HFF,original,NA,groupB,native,NA
hat.jpg,peach.jpg,F_2_HFF_N_sk.wav,filler,HFF,original,NA,groupB,native,NA
cheese.jpg,butterfly.jpg,F_3_HFF_N_sk.wav,filler,HFF,original,NA,groupB,native,NA
floor.jpg,thimble.jpg,F_4_HFF_N_sk.wav,filler,HFF,original,NA,groupB,native,NA
man.jpg,beaver.jpg,F_5_HFF_N_sk.wav,filler,HFF,original,NA,groupB,native,NA
city.jpg,flute.jpg,F_6_HFF_N_sk.wav,filler,HFF,original,NA,groupB,native,NA
bar.jpg,artichoke.jpg,F_7_HFF_N_sk.wav,filler,HFF,original,NA,groupB,native,NA
woman.jpg,slide.jpg,F_8_HFF_N_sk.wav,filler,HFF,original,NA,groupB,native,NA
book.jpg,antlers.jpg,F_9_HFF_N_sk.wav,filler,HFF,original,NA,groupB,native,NA
piano.jpg,razor.jpg,F_10_HFF_N_sk.wav,filler,HFF,original,NA,groupB,native,NA
horse.jpg,iron.jpg,F_11_HFF_N_sk.wav,filler,HFF,original,NA,groupB,native,NA
glass.jpg,zebra.jpg,F_12_HFF_N_sk.wav,filler,HFF,original,NA,groupB,native,NA
boy.jpg,anvil.jpg,F_13_HFF_N_sk.wav,filler,HFF,original,NA,groupB,native,NA
fire.jpg,binoculars.jpg,F_14_HFF_N_sk.wav,filler,HFF,original,NA,groupB,native,NA
lips.jpg,safetypin.jpg,F_15_HFF_N_sk.wav,filler,HFF,original,NA,groupB,native,NA
rock.jpg,recordplayer.jpg,F_16_HFF_N_sk.wav,filler,HFF,original,NA,groupB,native,NA
saw.jpg,bottle.jpg,T_1_LFF_C_N_sk.wav,target,LFF,1F,674,groupC,native,NA
harp.jpg,sun.jpg,T_2_LFF_C_N_sk.wav,target,LFF,2F,606,groupC,native,NA
fan.jpg,moon.jpg,T_3_LFF_C_N_sk.wav,target,LFF,3F,621,groupC,native,NA
alligator.jpg,car.jpg,T_4_LFF_C_N_sk.wav,target,LFF,1F,674,groupC,native,NA
rhinoceros.jpg,baby.jpg,T_5_LFF_C_N_sk.wav,target,LFF,2F,606,groupC,native,NA
snowman.jpg,bus.jpg,T_6_LFF_C_N_sk.wav,target,LFF,3F,621,groupC,native,NA
ostrich.jpg,arm.jpg,T_7_LFF_C_N_sk.wav,target,LFF,1F,674,groupC,native,NA
pumpkin.jpg,train.jpg,T_8_LFF_C_N_sk.wav,target,LFF,2F,606,groupC,native,NA
hose.jpg,dog.jpg,T_1_LFD_C_N_sk.wav,target,LFD,1D,2005,groupC,native,NA
snail.jpg,church.jpg,T_2_LFD_C_N_sk.wav,target,LFD,2D,2062,groupC,native,NA
wateringcan.jpg,nose.jpg,T_3_LFD_C_N_sk.wav,target,LFD,3D,2138,groupC,native,NA
strawberry.jpg,door.jpg,T_4_LFD_C_N_sk.wav,target,LFD,1D,2005,groupC,native,NA
dolphin.jpg,fish.jpg,T_5_LFD_C_N_sk.wav,target,LFD,2D,2062,groupC,native,NA
bat.jpg,hand.jpg,T_6_LFD_C_N_sk.wav,target,LFD,3D,2138,groupC,native,NA
puzzle.jpg,eye.jpg,T_7_LFD_C_N_sk.wav,target,LFD,1D,2005,groupC,native,NA
dinosaur.jpg,tree.jpg,T_8_LFD_C_N_sk.wav,target,LFD,2D,2062,groupC,native,NA
bench.jpg,toothbrush.jpg,T_1_HFF_C_N_sk.wav,target,HFF,1F,674,groupC,native,NA
shoe.jpg,blimp.jpg,T_2_HFF_C_N_sk.wav,target,HFF,2F,606,groupC,native,NA
chair.jpg,globe.jpg,T_3_HFF_C_N_sk.wav,target,HFF,3F,621,groupC,native,NA
star.jpg,funnel.jpg,T_4_HFF_C_N_sk.wav,target,HFF,1F,674,groupC,native,NA
telephone.jpg,unicorn.jpg,T_5_HFF_C_N_sk.wav,target,HFF,2F,606,groupC,native,NA
tooth.jpg,cactus.jpg,T_6_HFF_C_N_sk.wav,target,HFF,3F,621,groupC,native,NA
ball.jpg,earring.jpg,T_7_HFF_C_N_sk.wav,target,HFF,2F,606,groupC,native,NA
flower.jpg,palmtree.jpg,T_8_HFF_C_N_sk.wav,target,HFF,3F,621,groupC,native,NA
table.jpg,highchair.jpg,T_1_HFD_C_N_sk.wav,target,HFD,1D,2005,groupC,native,NA
factory.jpg,sewingmachine.jpg,T_2_HFD_C_N_sk.wav,target,HFD,2D,2062,groupC,native,NA
stairs.jpg,wheelbarrow.jpg,T_3_HFD_C_N_sk.wav,target,HFD,3D,2138,groupC,native,NA
rain.jpg,igloo.jpg,T_4_HFD_C_N_sk.wav,target,HFD,1D,2005,groupC,native,NA
wall.jpg,swing.jpg,T_5_HFD_C_N_sk.wav,target,HFD,2D,2062,groupC,native,NA
bridge.jpg,pineapple.jpg,T_6_HFD_C_N_sk.wav,target,HFD,3D,2138,groupC,native,NA
cigarette.jpg,typewriter.jpg,T_7_HFD_C_N_sk.wav,target,HFD,2D,2062,groupC,native,NA
king.jpg,vacuum.jpg,T_8_HFD_C_N_sk.wav,target,HFD,3D,2138,groupC,native,NA
raccoon.jpg,smoke.jpg,F_1_LFD_N_sk.wav,filler,LFD,original,NA,groupC,native,NA
jumprope.jpg,house.jpg,F_2_LFD_N_sk.wav,filler,LFD,original,NA,groupC,native,NA
radish.jpg,bread.jpg,F_3_LFD_N_sk.wav,filler,LFD,original,NA,groupC,native,NA
pick.jpg,bride.jpg,F_4_LFD_N_sk.wav,filler,LFD,original,NA,groupC,native,NA
pencilsharpener.jpg,bird.jpg,F_5_LFD_N_sk.wav,filler,LFD,original,NA,groupC,native,NA
tripod.jpg,ear.jpg,F_6_LFD_N_sk.wav,filler,LFD,original,NA,groupC,native,NA
seahorse.jpg,paper.jpg,F_7_LFD_N_sk.wav,filler,LFD,original,NA,groupC,native,NA
ladle.jpg,butter.jpg,F_8_LFD_N_sk.wav,filler,LFD,original,NA,groupC,native,NA
firehydrant.jpg,doctor.jpg,F_9_LFD_N_sk.wav,filler,LFD,original,NA,groupC,native,NA
kangaroo.jpg,wood.jpg,F_10_LFD_N_sk.wav,filler,LFD,original,NA,groupC,native,NA
crib.jpg,road.jpg,F_11_LFD_N_sk.wav,filler,LFD,original,NA,groupC,native,NA
leopard.jpg,priest.jpg,F_12_LFD_N_sk.wav,filler,LFD,original,NA,groupC,native,NA
ladybug.jpg,suitcase.jpg,F_13_LFD_N_sk.wav,filler,LFD,original,NA,groupC,native,NA
drill.jpg,neck.jpg,F_14_LFD_N_sk.wav,filler,LFD,original,NA,groupC,native,NA
brush.jpg,rose.jpg,F_15_LFD_N_sk.wav,filler,LFD,original,NA,groupC,native,NA
walrus.jpg,net.jpg,F_16_LFD_N_sk.wav,filler,LFD,original,NA,groupC,native,NA
wine.jpg,penguin.jpg,F_1_HFF_N_sk.wav,filler,HFF,original,NA,groupC,native,NA
hat.jpg,peach.jpg,F_2_HFF_N_sk.wav,filler,HFF,original,NA,groupC,native,NA
cheese.jpg,butterfly.jpg,F_3_HFF_N_sk.wav,filler,HFF,original,NA,groupC,native,NA
floor.jpg,thimble.jpg,F_4_HFF_N_sk.wav,filler,HFF,original,NA,groupC,native,NA
man.jpg,beaver.jpg,F_5_HFF_N_sk.wav,filler,HFF,original,NA,groupC,native,NA
city.jpg,flute.jpg,F_6_HFF_N_sk.wav,filler,HFF,original,NA,groupC,native,NA
bar.jpg,artichoke.jpg,F_7_HFF_N_sk.wav,filler,HFF,original,NA,groupC,native,NA
woman.jpg,slide.jpg,F_8_HFF_N_sk.wav,filler,HFF,original,NA,groupC,native,NA
book.jpg,antlers.jpg,F_9_HFF_N_sk.wav,filler,HFF,original,NA,groupC,native,NA
piano.jpg,razor.jpg,F_10_HFF_N_sk.wav,filler,HFF,original,NA,groupC,native,NA
horse.jpg,iron.jpg,F_11_HFF_N_sk.wav,filler,HFF,original,NA,groupC,native,NA
glass.jpg,zebra.jpg,F_12_HFF_N_sk.wav,filler,HFF,original,NA,groupC,native,NA
boy.jpg,anvil.jpg,F_13_HFF_N_sk.wav,filler,HFF,original,NA,groupC,native,NA
fire.jpg,binoculars.jpg,F_14_HFF_N_sk.wav,filler,HFF,original,NA,groupC,native,NA
lips.jpg,safetypin.jpg,F_15_HFF_N_sk.wav,filler,HFF,original,NA,groupC,native,NA
rock.jpg,recordplayer.jpg,F_16_HFF_N_sk.wav,filler,HFF,original,NA,groupC,native,NA
hose.jpg,dog.jpg,T_1_LFF_D_N_sk.wav,target,LFF,1F,674,groupD,native,NA
snail.jpg,church.jpg,T_2_LFF_D_N_sk.wav,target,LFF,2F,606,groupD,native,NA
wateringcan.jpg,nose.jpg,T_3_LFF_D_N_sk.wav,target,LFF,3F,621,groupD,native,NA
strawberry.jpg,door.jpg,T_4_LFF_D_N_sk.wav,target,LFF,1F,674,groupD,native,NA
dolphin.jpg,fish.jpg,T_5_LFF_D_N_sk.wav,target,LFF,2F,606,groupD,native,NA
bat.jpg,hand.jpg,T_6_LFF_D_N_sk.wav,target,LFF,3F,621,groupD,native,NA
puzzle.jpg,eye.jpg,T_7_LFF_D_N_sk.wav,target,LFF,1F,674,groupD,native,NA
dinosaur.jpg,tree.jpg,T_8_LFF_D_N_sk.wav,target,LFF,2F,606,groupD,native,NA
saw.jpg,bottle.jpg,T_1_LFD_D_N_sk.wav,target,LFD,1D,2005,groupD,native,NA
harp.jpg,sun.jpg,T_2_LFD_D_N_sk.wav,target,LFD,2D,2062,groupD,native,NA
fan.jpg,moon.jpg,T_3_LFD_D_N_sk.wav,target,LFD,3D,2138,groupD,native,NA
alligator.jpg,car.jpg,T_4_LFD_D_N_sk.wav,target,LFD,1D,2005,groupD,native,NA
rhinoceros.jpg,baby.jpg,T_5_LFD_D_N_sk.wav,target,LFD,2D,2062,groupD,native,NA
snowman.jpg,bus.jpg,T_6_LFD_D_N_sk.wav,target,LFD,3D,2138,groupD,native,NA
ostrich.jpg,arm.jpg,T_7_LFD_D_N_sk.wav,target,LFD,1D,2005,groupD,native,NA
pumpkin.jpg,train.jpg,T_8_LFD_D_N_sk.wav,target,LFD,2D,2062,groupD,native,NA
table.jpg,highchair.jpg,T_1_HFF_D_N_sk.wav,target,HFF,1F,674,groupD,native,NA
factory.jpg,sewingmachine.jpg,T_2_HFF_D_N_sk.wav,target,HFF,2F,606,groupD,native,NA
stairs.jpg,wheelbarrow.jpg,T_3_HFF_D_N_sk.wav,target,HFF,3F,621,groupD,native,NA
rain.jpg,igloo.jpg,T_4_HFF_D_N_sk.wav,target,HFF,1F,674,groupD,native,NA
wall.jpg,swing.jpg,T_5_HFF_D_N_sk.wav,target,HFF,2F,606,groupD,native,NA
bridge.jpg,pineapple.jpg,T_6_HFF_D_N_sk.wav,target,HFF,3F,621,groupD,native,NA
cigarette.jpg,typewriter.jpg,T_7_HFF_D_N_sk.wav,target,HFF,2F,606,groupD,native,NA
king.jpg,vacuum.jpg,T_8_HFF_D_N_sk.wav,target,HFF,3F,621,groupD,native,NA
bench.jpg,toothbrush.jpg,T_1_HFD_D_N_sk.wav,target,HFD,1D,2005,groupD,native,NA
shoe.jpg,blimp.jpg,T_2_HFD_D_N_sk.wav,target,HFD,2D,2062,groupD,native,NA
chair.jpg,globe.jpg,T_3_HFD_D_N_sk.wav,target,HFD,3D,2138,groupD,native,NA
star.jpg,funnel.jpg,T_4_HFD_D_N_sk.wav,target,HFD,1D,2005,groupD,native,NA
telephone.jpg,unicorn.jpg,T_5_HFD_D_N_sk.wav,target,HFD,2D,2062,groupD,native,NA
tooth.jpg,cactus.jpg,T_6_HFD_D_N_sk.wav,target,HFD,3D,2138,groupD,native,NA
ball.jpg,earring.jpg,T_7_HFD_D_N_sk.wav,target,HFD,2D,2062,groupD,native,NA
flower.jpg,palmtree.jpg,T_8_HFD_D_N_sk.wav,target,HFD,3D,2138,groupD,native,NA
raccoon.jpg,smoke.jpg,F_1_LFD_N_sk.wav,filler,LFD,original,NA,groupD,native,NA
jumprope.jpg,house.jpg,F_2_LFD_N_sk.wav,filler,LFD,original,NA,groupD,native,NA
radish.jpg,bread.jpg,F_3_LFD_N_sk.wav,filler,LFD,original,NA,groupD,native,NA
pick.jpg,bride.jpg,F_4_LFD_N_sk.wav,filler,LFD,original,NA,groupD,native,NA
pencilsharpener.jpg,bird.jpg,F_5_LFD_N_sk.wav,filler,LFD,original,NA,groupD,native,NA
tripod.jpg,ear.jpg,F_6_LFD_N_sk.wav,filler,LFD,original,NA,groupD,native,NA
seahorse.jpg,paper.jpg,F_7_LFD_N_sk.wav,filler,LFD,original,NA,groupD,native,NA
ladle.jpg,butter.jpg,F_8_LFD_N_sk.wav,filler,LFD,original,NA,groupD,native,NA
firehydrant.jpg,doctor.jpg,F_9_LFD_N_sk.wav,filler,LFD,original,NA,groupD,native,NA
kangaroo.jpg,wood.jpg,F_10_LFD_N_sk.wav,filler,LFD,original,NA,groupD,native,NA
crib.jpg,road.jpg,F_11_LFD_N_sk.wav,filler,LFD,original,NA,groupD,native,NA
leopard.jpg,priest.jpg,F_12_LFD_N_sk.wav,filler,LFD,original,NA,groupD,native,NA
ladybug.jpg,suitcase.jpg,F_13_LFD_N_sk.wav,filler,LFD,original,NA,groupD,native,NA
drill.jpg,neck.jpg,F_14_LFD_N_sk.wav,filler,LFD,original,NA,groupD,native,NA
brush.jpg,rose.jpg,F_15_LFD_N_sk.wav,filler,LFD,original,NA,groupD,native,NA
walrus.jpg,net.jpg,F_16_LFD_N_sk.wav,filler,LFD,original,NA,groupD,native,NA
wine.jpg,penguin.jpg,F_1_HFF_N_sk.wav,filler,HFF,original,NA,groupD,native,NA
hat.jpg,peach.jpg,F_2_HFF_N_sk.wav,filler,HFF,original,NA,groupD,native,NA
cheese.jpg,butterfly.jpg,F_3_HFF_N_sk.wav,filler,HFF,original,NA,groupD,native,NA
floor.jpg,thimble.jpg,F_4_HFF_N_sk.wav,filler,HFF,original,NA,groupD,native,NA
man.jpg,beaver.jpg,F_5_HFF_N_sk.wav,filler,HFF,original,NA,groupD,native,NA
city.jpg,flute.jpg,F_6_HFF_N_sk.wav,filler,HFF,original,NA,groupD,native,NA
bar.jpg,artichoke.jpg,F_7_HFF_N_sk.wav,filler,HFF,original,NA,groupD,native,NA
woman.jpg,slide.jpg,F_8_HFF_N_sk.wav,filler,HFF,original,NA,groupD,native,NA
book.jpg,antlers.jpg,F_9_HFF_N_sk.wav,filler,HFF,original,NA,groupD,native,NA
piano.jpg,razor.jpg,F_10_HFF_N_sk.wav,filler,HFF,original,NA,groupD,native,NA
horse.jpg,iron.jpg,F_11_HFF_N_sk.wav,filler,HFF,original,NA,groupD,native,NA
glass.jpg,zebra.jpg,F_12_HFF_N_sk.wav,filler,HFF,original,NA,groupD,native,NA
boy.jpg,anvil.jpg,F_13_HFF_N_sk.wav,filler,HFF,original,NA,groupD,native,NA
fire.jpg,binoculars.jpg,F_14_HFF_N_sk.wav,filler,HFF,original,NA,groupD,native,NA
lips.jpg,safetypin.jpg,F_15_HFF_N_sk.wav,filler,HFF,original,NA,groupD,native,NA
rock.jpg,recordplayer.jpg,F_16_HFF_N_sk.wav,filler,HFF,original,NA,groupD,native,NA
toothbrush.jpg,bench.jpg,T_1_LFF_A_NN_sk.wav,target,LFF,1F,755,groupA,non-native,NA
blimp.jpg,shoe.jpg,T_2_LFF_A_NN_sk.wav,target,LFF,2F,775,groupA,non-native,NA
globe.jpg,chair.jpg,T_3_LFF_A_NN_sk.wav,target,LFF,3F,778,groupA,non-native,NA
funnel.jpg,star.jpg,T_4_LFF_A_NN_sk.wav,target,LFF,1F,755,groupA,non-native,NA
unicorn.jpg,telephone.jpg,T_5_LFF_A_NN_sk.wav,target,LFF,2F,775,groupA,non-native,NA
cactus.jpg,tooth.jpg,T_6_LFF_A_NN_sk.wav,target,LFF,3F,778,groupA,non-native,NA
earring.jpg,ball.jpg,T_7_LFF_A_NN_sk.wav,target,LFF,1F,755,groupA,non-native,NA
palmtree.jpg,flower.jpg,T_8_LFF_A_NN_sk.wav,target,LFF,2F,775,groupA,non-native,NA
highchair.jpg,table.jpg,T_1_LFD_A_NN_sk.wav,target,LFD,1D,2039,groupA,non-native,NA
sewingmachine.jpg,factory.jpg,T_2_LFD_A_NN_sk.wav,target,LFD,2D,2241,groupA,non-native,NA
wheelbarrow.jpg,stairs.jpg,T_3_LFD_A_NN_sk.wav,target,LFD,3D,2238,groupA,non-native,NA
igloo.jpg,rain.jpg,T_4_LFD_A_NN_sk.wav,target,LFD,1D,2039,groupA,non-native,NA
swing.jpg,wall.jpg,T_5_LFD_A_NN_sk.wav,target,LFD,2D,2241,groupA,non-native,NA
pineapple.jpg,bridge.jpg,T_6_LFD_A_NN_sk.wav,target,LFD,3D,2238,groupA,non-native,NA
typewriter.jpg,cigarette.jpg,T_7_LFD_A_NN_sk.wav,target,LFD,1D,2039,groupA,non-native,NA
vacuum.jpg,king.jpg,T_8_LFD_A_NN_sk.wav,target,LFD,2D,2241,groupA,non-native,NA
bottle.jpg,saw.jpg,T_1_HFF_A_NN_sk.wav,target,HFF,1F,755,groupA,non-native,NA
sun.jpg,harp.jpg,T_2_HFF_A_NN_sk.wav,target,HFF,2F,775,groupA,non-native,NA
moon.jpg,fan.jpg,T_3_HFF_A_NN_sk.wav,target,HFF,3F,778,groupA,non-native,NA
car.jpg,alligator.jpg,T_4_HFF_A_NN_sk.wav,target,HFF,1F,755,groupA,non-native,NA
baby.jpg,rhinoceros.jpg,T_5_HFF_A_NN_sk.wav,target,HFF,2F,775,groupA,non-native,NA
bus.jpg,snowman.jpg,T_6_HFF_A_NN_sk.wav,target,HFF,3F,778,groupA,non-native,NA
arm.jpg,ostrich.jpg,T_7_HFF_A_NN_sk.wav,target,HFF,2F,775,groupA,non-native,NA
train.jpg,pumpkin.jpg,T_8_HFF_A_NN_sk.wav,target,HFF,3F,778,groupA,non-native,NA
dog.jpg,hose.jpg,T_1_HFD_A_NN_sk.wav,target,HFD,1D,2039,groupA,non-native,NA
church.jpg,snail.jpg,T_2_HFD_A_NN_sk.wav,target,HFD,2D,2241,groupA,non-native,NA
nose.jpg,wateringcan.jpg,T_3_HFD_A_NN_sk.wav,target,HFD,3D,2238,groupA,non-native,NA
door.jpg,strawberry.jpg,T_4_HFD_A_NN_sk.wav,target,HFD,1D,2039,groupA,non-native,NA
fish.jpg,dolphin.jpg,T_5_HFD_A_NN_sk.wav,target,HFD,2D,2241,groupA,non-native,NA
hand.jpg,bat.jpg,T_6_HFD_A_NN_sk.wav,target,HFD,3D,2238,groupA,non-native,NA
eye.jpg,puzzle.jpg,T_7_HFD_A_NN_sk.wav,target,HFD,2D,2241,groupA,non-native,NA
tree.jpg,dinosaur.jpg,T_8_HFD_A_NN_sk.wav,target,HFD,3D,2238,groupA,non-native,NA
raccoon.jpg,smoke.jpg,F_1_LFD_NN_sk.wav,filler,LFD,original,NA,groupA,non-native,NA
jumprope.jpg,house.jpg,F_2_LFD_NN_sk.wav,filler,LFD,original,NA,groupA,non-native,NA
radish.jpg,bread.jpg,F_3_LFD_NN_sk.wav,filler,LFD,original,NA,groupA,non-native,NA
pick.jpg,bride.jpg,F_4_LFD_NN_sk.wav,filler,LFD,original,NA,groupA,non-native,NA
pencilsharpener.jpg,bird.jpg,F_5_LFD_NN_sk.wav,filler,LFD,original,NA,groupA,non-native,NA
tripod.jpg,ear.jpg,F_6_LFD_NN_sk.wav,filler,LFD,original,NA,groupA,non-native,NA
seahorse.jpg,paper.jpg,F_7_LFD_NN_sk.wav,filler,LFD,original,NA,groupA,non-native,NA
ladle.jpg,butter.jpg,F_8_LFD_NN_sk.wav,filler,LFD,original,NA,groupA,non-native,NA
firehydrant.jpg,doctor.jpg,F_9_LFD_NN_sk.wav,filler,LFD,original,NA,groupA,non-native,NA
kangaroo.jpg,wood.jpg,F_10_LFD_NN_sk.wav,filler,LFD,original,NA,groupA,non-native,NA
crib.jpg,road.jpg,F_11_LFD_NN_sk.wav,filler,LFD,original,NA,groupA,non-native,NA
leopard.jpg,priest.jpg,F_12_LFD_NN_sk.wav,filler,LFD,original,NA,groupA,non-native,NA
ladybug.jpg,suitcase.jpg,F_13_LFD_NN_sk.wav,filler,LFD,original,NA,groupA,non-native,NA
drill.jpg,neck.jpg,F_14_LFD_NN_sk.wav,filler,LFD,original,NA,groupA,non-native,NA
brush.jpg,rose.jpg,F_15_LFD_NN_sk.wav,filler,LFD,original,NA,groupA,non-native,NA
walrus.jpg,net.jpg,F_16_LFD_NN_sk.wav,filler,LFD,original,NA,groupA,non-native,NA
wine.jpg,penguin.jpg,F_1_HFF_NN_sk.wav,filler,HFF,original,NA,groupA,non-native,NA
hat.jpg,peach.jpg,F_2_HFF_NN_sk.wav,filler,HFF,original,NA,groupA,non-native,NA
cheese.jpg,butterfly.jpg,F_3_HFF_NN_sk.wav,filler,HFF,original,NA,groupA,non-native,NA
floor.jpg,thimble.jpg,F_4_HFF_NN_sk.wav,filler,HFF,original,NA,groupA,non-native,NA
man.jpg,beaver.jpg,F_5_HFF_NN_sk.wav,filler,HFF,original,NA,groupA,non-native,NA
city.jpg,flute.jpg,F_6_HFF_NN_sk.wav,filler,HFF,original,NA,groupA,non-native,NA
bar.jpg,artichoke.jpg,F_7_HFF_NN_sk.wav,filler,HFF,original,NA,groupA,non-native,NA
woman.jpg,slide.jpg,F_8_HFF_NN_sk.wav,filler,HFF,original,NA,groupA,non-native,NA
book.jpg,antlers.jpg,F_9_HFF_NN_sk.wav,filler,HFF,original,NA,groupA,non-native,NA
piano.jpg,razor.jpg,F_10_HFF_NN_sk.wav,filler,HFF,original,NA,groupA,non-native,NA
horse.jpg,iron.jpg,F_11_HFF_NN_sk.wav,filler,HFF,original,NA,groupA,non-native,NA
glass.jpg,zebra.jpg,F_12_HFF_NN_sk.wav,filler,HFF,original,NA,groupA,non-native,NA
boy.jpg,anvil.jpg,F_13_HFF_NN_sk.wav,filler,HFF,original,NA,groupA,non-native,NA
fire.jpg,binoculars.jpg,F_14_HFF_NN_sk.wav,filler,HFF,original,NA,groupA,non-native,NA
lips.jpg,safetypin.jpg,F_15_HFF_NN_sk.wav,filler,HFF,original,NA,groupA,non-native,NA
rock.jpg,recordplayer.jpg,F_16_HFF_NN_sk.wav,filler,HFF,original,NA,groupA,non-native,NA
highchair.jpg,table.jpg,T_1_LFF_B_NN_sk.wav,target,LFF,1F,755,groupB,non-native,NA
sewingmachine.jpg,factory.jpg,T_2_LFF_B_NN_sk.wav,target,LFF,2F,775,groupB,non-native,NA
wheelbarrow.jpg,stairs.jpg,T_3_LFF_B_NN_sk.wav,target,LFF,3F,778,groupB,non-native,NA
igloo.jpg,rain.jpg,T_4_LFF_B_NN_sk.wav,target,LFF,1F,755,groupB,non-native,NA
swing.jpg,wall.jpg,T_5_LFF_B_NN_sk.wav,target,LFF,2F,775,groupB,non-native,NA
pineapple.jpg,bridge.jpg,T_6_LFF_B_NN_sk.wav,target,LFF,3F,778,groupB,non-native,NA
typewriter.jpg,cigarette.jpg,T_7_LFF_B_NN_sk.wav,target,LFF,1F,755,groupB,non-native,NA
vacuum.jpg,king.jpg,T_8_LFF_B_NN_sk.wav,target,LFF,2F,775,groupB,non-native,NA
toothbrush.jpg,bench.jpg,T_1_LFD_B_NN_sk.wav,target,LFD,1D,2039,groupB,non-native,NA
blimp.jpg,shoe.jpg,T_2_LFD_B_NN_sk.wav,target,LFD,2D,2241,groupB,non-native,NA
globe.jpg,chair.jpg,T_3_LFD_B_NN_sk.wav,target,LFD,3D,2238,groupB,non-native,NA
funnel.jpg,star.jpg,T_4_LFD_B_NN_sk.wav,target,LFD,1D,2039,groupB,non-native,NA
unicorn.jpg,telephone.jpg,T_5_LFD_B_NN_sk.wav,target,LFD,2D,2241,groupB,non-native,NA
cactus.jpg,tooth.jpg,T_6_LFD_B_NN_sk.wav,target,LFD,3D,2238,groupB,non-native,NA
earring.jpg,ball.jpg,T_7_LFD_B_NN_sk.wav,target,LFD,1D,2039,groupB,non-native,NA
palmtree.jpg,flower.jpg,T_8_LFD_B_NN_sk.wav,target,LFD,2D,2241,groupB,non-native,NA
dog.jpg,hose.jpg,T_1_HFF_B_NN_sk.wav,target,HFF,1F,755,groupB,non-native,NA
church.jpg,snail.jpg,T_2_HFF_B_NN_sk.wav,target,HFF,2F,775,groupB,non-native,NA
nose.jpg,wateringcan.jpg,T_3_HFF_B_NN_sk.wav,target,HFF,3F,778,groupB,non-native,NA
door.jpg,strawberry.jpg,T_4_HFF_B_NN_sk.wav,target,HFF,1F,755,groupB,non-native,NA
fish.jpg,dolphin.jpg,T_5_HFF_B_NN_sk.wav,target,HFF,2F,775,groupB,non-native,NA
hand.jpg,bat.jpg,T_6_HFF_B_NN_sk.wav,target,HFF,3F,778,groupB,non-native,NA
eye.jpg,puzzle.jpg,T_7_HFF_B_NN_sk.wav,target,HFF,2F,775,groupB,non-native,NA
tree.jpg,dinosaur.jpg,T_8_HFF_B_NN_sk.wav,target,HFF,3F,778,groupB,non-native,NA
bottle.jpg,saw.jpg,T_1_HFD_B_NN_sk.wav,target,HFD,1D,2039,groupB,non-native,NA
sun.jpg,harp.jpg,T_2_HFD_B_NN_sk.wav,target,HFD,2D,2241,groupB,non-native,NA
moon.jpg,fan.jpg,T_3_HFD_B_NN_sk.wav,target,HFD,3D,2238,groupB,non-native,NA
car.jpg,alligator.jpg,T_4_HFD_B_NN_sk.wav,target,HFD,1D,2039,groupB,non-native,NA
baby.jpg,rhinoceros.jpg,T_5_HFD_B_NN_sk.wav,target,HFD,2D,2241,groupB,non-native,NA
bus.jpg,snowman.jpg,T_6_HFD_B_NN_sk.wav,target,HFD,3D,2238,groupB,non-native,NA
arm.jpg,ostrich.jpg,T_7_HFD_B_NN_sk.wav,target,HFD,2D,2241,groupB,non-native,NA
train.jpg,pumpkin.jpg,T_8_HFD_B_NN_sk.wav,target,HFD,3D,2238,groupB,non-native,NA
raccoon.jpg,smoke.jpg,F_1_LFD_NN_sk.wav,filler,LFD,original,NA,groupB,non-native,NA
jumprope.jpg,house.jpg,F_2_LFD_NN_sk.wav,filler,LFD,original,NA,groupB,non-native,NA
radish.jpg,bread.jpg,F_3_LFD_NN_sk.wav,filler,LFD,original,NA,groupB,non-native,NA
pick.jpg,bride.jpg,F_4_LFD_NN_sk.wav,filler,LFD,original,NA,groupB,non-native,NA
pencilsharpener.jpg,bird.jpg,F_5_LFD_NN_sk.wav,filler,LFD,original,NA,groupB,non-native,NA
tripod.jpg,ear.jpg,F_6_LFD_NN_sk.wav,filler,LFD,original,NA,groupB,non-native,NA
seahorse.jpg,paper.jpg,F_7_LFD_NN_sk.wav,filler,LFD,original,NA,groupB,non-native,NA
ladle.jpg,butter.jpg,F_8_LFD_NN_sk.wav,filler,LFD,original,NA,groupB,non-native,NA
firehydrant.jpg,doctor.jpg,F_9_LFD_NN_sk.wav,filler,LFD,original,NA,groupB,non-native,NA
kangaroo.jpg,wood.jpg,F_10_LFD_NN_sk.wav,filler,LFD,original,NA,groupB,non-native,NA
crib.jpg,road.jpg,F_11_LFD_NN_sk.wav,filler,LFD,original,NA,groupB,non-native,NA
leopard.jpg,priest.jpg,F_12_LFD_NN_sk.wav,filler,LFD,original,NA,groupB,non-native,NA
ladybug.jpg,suitcase.jpg,F_13_LFD_NN_sk.wav,filler,LFD,original,NA,groupB,non-native,NA
drill.jpg,neck.jpg,F_14_LFD_NN_sk.wav,filler,LFD,original,NA,groupB,non-native,NA
brush.jpg,rose.jpg,F_15_LFD_NN_sk.wav,filler,LFD,original,NA,groupB,non-native,NA
walrus.jpg,net.jpg,F_16_LFD_NN_sk.wav,filler,LFD,original,NA,groupB,non-native,NA
wine.jpg,penguin.jpg,F_1_HFF_NN_sk.wav,filler,HFF,original,NA,groupB,non-native,NA
hat.jpg,peach.jpg,F_2_HFF_NN_sk.wav,filler,HFF,original,NA,groupB,non-native,NA
cheese.jpg,butterfly.jpg,F_3_HFF_NN_sk.wav,filler,HFF,original,NA,groupB,non-native,NA
floor.jpg,thimble.jpg,F_4_HFF_NN_sk.wav,filler,HFF,original,NA,groupB,non-native,NA
man.jpg,beaver.jpg,F_5_HFF_NN_sk.wav,filler,HFF,original,NA,groupB,non-native,NA
city.jpg,flute.jpg,F_6_HFF_NN_sk.wav,filler,HFF,original,NA,groupB,non-native,NA
bar.jpg,artichoke.jpg,F_7_HFF_NN_sk.wav,filler,HFF,original,NA,groupB,non-native,NA
woman.jpg,slide.jpg,F_8_HFF_NN_sk.wav,filler,HFF,original,NA,groupB,non-native,NA
book.jpg,antlers.jpg,F_9_HFF_NN_sk.wav,filler,HFF,original,NA,groupB,non-native,NA
piano.jpg,razor.jpg,F_10_HFF_NN_sk.wav,filler,HFF,original,NA,groupB,non-native,NA
horse.jpg,iron.jpg,F_11_HFF_NN_sk.wav,filler,HFF,original,NA,groupB,non-native,NA
glass.jpg,zebra.jpg,F_12_HFF_NN_sk.wav,filler,HFF,original,NA,groupB,non-native,NA
boy.jpg,anvil.jpg,F_13_HFF_NN_sk.wav,filler,HFF,original,NA,groupB,non-native,NA
fire.jpg,binoculars.jpg,F_14_HFF_NN_sk.wav,filler,HFF,original,NA,groupB,non-native,NA
lips.jpg,safetypin.jpg,F_15_HFF_NN_sk.wav,filler,HFF,original,NA,groupB,non-native,NA
rock.jpg,recordplayer.jpg,F_16_HFF_NN_sk.wav,filler,HFF,original,NA,groupB,non-native,NA
saw.jpg,bottle.jpg,T_1_LFF_C_NN_sk.wav,target,LFF,1F,755,groupC,non-native,NA
harp.jpg,sun.jpg,T_2_LFF_C_NN_sk.wav,target,LFF,2F,775,groupC,non-native,NA
fan.jpg,moon.jpg,T_3_LFF_C_NN_sk.wav,target,LFF,3F,778,groupC,non-native,NA
alligator.jpg,car.jpg,T_4_LFF_C_NN_sk.wav,target,LFF,1F,755,groupC,non-native,NA
rhinoceros.jpg,baby.jpg,T_5_LFF_C_NN_sk.wav,target,LFF,2F,775,groupC,non-native,NA
snowman.jpg,bus.jpg,T_6_LFF_C_NN_sk.wav,target,LFF,3F,778,groupC,non-native,NA
ostrich.jpg,arm.jpg,T_7_LFF_C_NN_sk.wav,target,LFF,1F,755,groupC,non-native,NA
pumpkin.jpg,train.jpg,T_8_LFF_C_NN_sk.wav,target,LFF,2F,775,groupC,non-native,NA
hose.jpg,dog.jpg,T_1_LFD_C_NN_sk.wav,target,LFD,1D,2039,groupC,non-native,NA
snail.jpg,church.jpg,T_2_LFD_C_NN_sk.wav,target,LFD,2D,2241,groupC,non-native,NA
wateringcan.jpg,nose.jpg,T_3_LFD_C_NN_sk.wav,target,LFD,3D,2238,groupC,non-native,NA
strawberry.jpg,door.jpg,T_4_LFD_C_NN_sk.wav,target,LFD,1D,2039,groupC,non-native,NA
dolphin.jpg,fish.jpg,T_5_LFD_C_NN_sk.wav,target,LFD,2D,2241,groupC,non-native,NA
bat.jpg,hand.jpg,T_6_LFD_C_NN_sk.wav,target,LFD,3D,2238,groupC,non-native,NA
puzzle.jpg,eye.jpg,T_7_LFD_C_NN_sk.wav,target,LFD,1D,2039,groupC,non-native,NA
dinosaur.jpg,tree.jpg,T_8_LFD_C_NN_sk.wav,target,LFD,2D,2241,groupC,non-native,NA
bench.jpg,toothbrush.jpg,T_1_HFF_C_NN_sk.wav,target,HFF,1F,755,groupC,non-native,NA
shoe.jpg,blimp.jpg,T_2_HFF_C_NN_sk.wav,target,HFF,2F,775,groupC,non-native,NA
chair.jpg,globe.jpg,T_3_HFF_C_NN_sk.wav,target,HFF,3F,778,groupC,non-native,NA
star.jpg,funnel.jpg,T_4_HFF_C_NN_sk.wav,target,HFF,1F,755,groupC,non-native,NA
telephone.jpg,unicorn.jpg,T_5_HFF_C_NN_sk.wav,target,HFF,2F,775,groupC,non-native,NA
tooth.jpg,cactus.jpg,T_6_HFF_C_NN_sk.wav,target,HFF,3F,778,groupC,non-native,NA
ball.jpg,earring.jpg,T_7_HFF_C_NN_sk.wav,target,HFF,2F,775,groupC,non-native,NA
flower.jpg,palmtree.jpg,T_8_HFF_C_NN_sk.wav,target,HFF,3F,778,groupC,non-native,NA
table.jpg,highchair.jpg,T_1_HFD_C_NN_sk.wav,target,HFD,1D,2039,groupC,non-native,NA
factory.jpg,sewingmachine.jpg,T_2_HFD_C_NN_sk.wav,target,HFD,2D,2241,groupC,non-native,NA
stairs.jpg,wheelbarrow.jpg,T_3_HFD_C_NN_sk.wav,target,HFD,3D,2238,groupC,non-native,NA
rain.jpg,igloo.jpg,T_4_HFD_C_NN_sk.wav,target,HFD,1D,2039,groupC,non-native,NA
wall.jpg,swing.jpg,T_5_HFD_C_NN_sk.wav,target,HFD,2D,2241,groupC,non-native,NA
bridge.jpg,pineapple.jpg,T_6_HFD_C_NN_sk.wav,target,HFD,3D,2238,groupC,non-native,NA
cigarette.jpg,typewriter.jpg,T_7_HFD_C_NN_sk.wav,target,HFD,2D,2241,groupC,non-native,NA
king.jpg,vacuum.jpg,T_8_HFD_C_NN_sk.wav,target,HFD,3D,2238,groupC,non-native,NA
raccoon.jpg,smoke.jpg,F_1_LFD_NN_sk.wav,filler,LFD,original,NA,groupC,non-native,NA
jumprope.jpg,house.jpg,F_2_LFD_NN_sk.wav,filler,LFD,original,NA,groupC,non-native,NA
radish.jpg,bread.jpg,F_3_LFD_NN_sk.wav,filler,LFD,original,NA,groupC,non-native,NA
pick.jpg,bride.jpg,F_4_LFD_NN_sk.wav,filler,LFD,original,NA,groupC,non-native,NA
pencilsharpener.jpg,bird.jpg,F_5_LFD_NN_sk.wav,filler,LFD,original,NA,groupC,non-native,NA
tripod.jpg,ear.jpg,F_6_LFD_NN_sk.wav,filler,LFD,original,NA,groupC,non-native,NA
seahorse.jpg,paper.jpg,F_7_LFD_NN_sk.wav,filler,LFD,original,NA,groupC,non-native,NA
ladle.jpg,butter.jpg,F_8_LFD_NN_sk.wav,filler,LFD,original,NA,groupC,non-native,NA
firehydrant.jpg,doctor.jpg,F_9_LFD_NN_sk.wav,filler,LFD,original,NA,groupC,non-native,NA
kangaroo.jpg,wood.jpg,F_10_LFD_NN_sk.wav,filler,LFD,original,NA,groupC,non-native,NA
crib.jpg,road.jpg,F_11_LFD_NN_sk.wav,filler,LFD,original,NA,groupC,non-native,NA
leopard.jpg,priest.jpg,F_12_LFD_NN_sk.wav,filler,LFD,original,NA,groupC,non-native,NA
ladybug.jpg,suitcase.jpg,F_13_LFD_NN_sk.wav,filler,LFD,original,NA,groupC,non-native,NA
drill.jpg,neck.jpg,F_14_LFD_NN_sk.wav,filler,LFD,original,NA,groupC,non-native,NA
brush.jpg,rose.jpg,F_15_LFD_NN_sk.wav,filler,LFD,original,NA,groupC,non-native,NA
walrus.jpg,net.jpg,F_16_LFD_NN_sk.wav,filler,LFD,original,NA,groupC,non-native,NA
wine.jpg,penguin.jpg,F_1_HFF_NN_sk.wav,filler,HFF,original,NA,groupC,non-native,NA
hat.jpg,peach.jpg,F_2_HFF_NN_sk.wav,filler,HFF,original,NA,groupC,non-native,NA
cheese.jpg,butterfly.jpg,F_3_HFF_NN_sk.wav,filler,HFF,original,NA,groupC,non-native,NA
floor.jpg,thimble.jpg,F_4_HFF_NN_sk.wav,filler,HFF,original,NA,groupC,non-native,NA
man.jpg,beaver.jpg,F_5_HFF_NN_sk.wav,filler,HFF,original,NA,groupC,non-native,NA
city.jpg,flute.jpg,F_6_HFF_NN_sk.wav,filler,HFF,original,NA,groupC,non-native,NA
bar.jpg,artichoke.jpg,F_7_HFF_NN_sk.wav,filler,HFF,original,NA,groupC,non-native,NA
woman.jpg,slide.jpg,F_8_HFF_NN_sk.wav,filler,HFF,original,NA,groupC,non-native,NA
book.jpg,antlers.jpg,F_9_HFF_NN_sk.wav,filler,HFF,original,NA,groupC,non-native,NA
piano.jpg,razor.jpg,F_10_HFF_NN_sk.wav,filler,HFF,original,NA,groupC,non-native,NA
horse.jpg,iron.jpg,F_11_HFF_NN_sk.wav,filler,HFF,original,NA,groupC,non-native,NA
glass.jpg,zebra.jpg,F_12_HFF_NN_sk.wav,filler,HFF,original,NA,groupC,non-native,NA
boy.jpg,anvil.jpg,F_13_HFF_NN_sk.wav,filler,HFF,original,NA,groupC,non-native,NA
fire.jpg,binoculars.jpg,F_14_HFF_NN_sk.wav,filler,HFF,original,NA,groupC,non-native,NA
lips.jpg,safetypin.jpg,F_15_HFF_NN_sk.wav,filler,HFF,original,NA,groupC,non-native,NA
rock.jpg,recordplayer.jpg,F_16_HFF_NN_sk.wav,filler,HFF,original,NA,groupC,non-native,NA
hose.jpg,dog.jpg,T_1_LFF_D_NN_sk.wav,target,LFF,1F,755,groupD,non-native,NA
snail.jpg,church.jpg,T_2_LFF_D_NN_sk.wav,target,LFF,2F,775,groupD,non-native,NA
wateringcan.jpg,nose.jpg,T_3_LFF_D_NN_sk.wav,target,LFF,3F,778,groupD,non-native,NA
strawberry.jpg,door.jpg,T_4_LFF_D_NN_sk.wav,target,LFF,1F,755,groupD,non-native,NA
dolphin.jpg,fish.jpg,T_5_LFF_D_NN_sk.wav,target,LFF,2F,775,groupD,non-native,NA
bat.jpg,hand.jpg,T_6_LFF_D_NN_sk.wav,target,LFF,3F,778,groupD,non-native,NA
puzzle.jpg,eye.jpg,T_7_LFF_D_NN_sk.wav,target,LFF,1F,755,groupD,non-native,NA
dinosaur.jpg,tree.jpg,T_8_LFF_D_NN_sk.wav,target,LFF,2F,775,groupD,non-native,NA
saw.jpg,bottle.jpg,T_1_LFD_D_NN_sk.wav,target,LFD,1D,2039,groupD,non-native,NA
harp.jpg,sun.jpg,T_2_LFD_D_NN_sk.wav,target,LFD,2D,2241,groupD,non-native,NA
fan.jpg,moon.jpg,T_3_LFD_D_NN_sk.wav,target,LFD,3D,2238,groupD,non-native,NA
alligator.jpg,car.jpg,T_4_LFD_D_NN_sk.wav,target,LFD,1D,2039,groupD,non-native,NA
rhinoceros.jpg,baby.jpg,T_5_LFD_D_NN_sk.wav,target,LFD,2D,2241,groupD,non-native,NA
snowman.jpg,bus.jpg,T_6_LFD_D_NN_sk.wav,target,LFD,3D,2238,groupD,non-native,NA
ostrich.jpg,arm.jpg,T_7_LFD_D_NN_sk.wav,target,LFD,1D,2039,groupD,non-native,NA
pumpkin.jpg,train.jpg,T_8_LFD_D_NN_sk.wav,target,LFD,2D,2241,groupD,non-native,NA
table.jpg,highchair.jpg,T_1_HFF_D_NN_sk.wav,target,HFF,1F,755,groupD,non-native,NA
factory.jpg,sewingmachine.jpg,T_2_HFF_D_NN_sk.wav,target,HFF,2F,775,groupD,non-native,NA
stairs.jpg,wheelbarrow.jpg,T_3_HFF_D_NN_sk.wav,target,HFF,3F,778,groupD,non-native,NA
rain.jpg,igloo.jpg,T_4_HFF_D_NN_sk.wav,target,HFF,1F,755,groupD,non-native,NA
wall.jpg,swing.jpg,T_5_HFF_D_NN_sk.wav,target,HFF,2F,775,groupD,non-native,NA
bridge.jpg,pineapple.jpg,T_6_HFF_D_NN_sk.wav,target,HFF,3F,778,groupD,non-native,NA
cigarette.jpg,typewriter.jpg,T_7_HFF_D_NN_sk.wav,target,HFF,2F,775,groupD,non-native,NA
king.jpg,vacuum.jpg,T_8_HFF_D_NN_sk.wav,target,HFF,3F,778,groupD,non-native,NA
bench.jpg,toothbrush.jpg,T_1_HFD_D_NN_sk.wav,target,HFD,1D,2039,groupD,non-native,NA
shoe.jpg,blimp.jpg,T_2_HFD_D_NN_sk.wav,target,HFD,2D,2241,groupD,non-native,NA
chair.jpg,globe.jpg,T_3_HFD_D_NN_sk.wav,target,HFD,3D,2238,groupD,non-native,NA
star.jpg,funnel.jpg,T_4_HFD_D_NN_sk.wav,target,HFD,1D,2039,groupD,non-native,NA
telephone.jpg,unicorn.jpg,T_5_HFD_D_NN_sk.wav,target,HFD,2D,2241,groupD,non-native,NA
tooth.jpg,cactus.jpg,T_6_HFD_D_NN_sk.wav,target,HFD,3D,2238,groupD,non-native,NA
ball.jpg,earring.jpg,T_7_HFD_D_NN_sk.wav,target,HFD,2D,2241,groupD,non-native,NA
flower.jpg,palmtree.jpg,T_8_HFD_D_NN_sk.wav,target,HFD,3D,2238,groupD,non-native,NA
raccoon.jpg,smoke.jpg,F_1_LFD_NN_sk.wav,filler,LFD,original,NA,groupD,non-native,NA
jumprope.jpg,house.jpg,F_2_LFD_NN_sk.wav,filler,LFD,original,NA,groupD,non-native,NA
radish.jpg,bread.jpg,F_3_LFD_NN_sk.wav,filler,LFD,original,NA,groupD,non-native,NA
pick.jpg,bride.jpg,F_4_LFD_NN_sk.wav,filler,LFD,original,NA,groupD,non-native,NA
pencilsharpener.jpg,bird.jpg,F_5_LFD_NN_sk.wav,filler,LFD,original,NA,groupD,non-native,NA
tripod.jpg,ear.jpg,F_6_LFD_NN_sk.wav,filler,LFD,original,NA,groupD,non-native,NA
seahorse.jpg,paper.jpg,F_7_LFD_NN_sk.wav,filler,LFD,original,NA,groupD,non-native,NA
ladle.jpg,butter.jpg,F_8_LFD_NN_sk.wav,filler,LFD,original,NA,groupD,non-native,NA
firehydrant.jpg,doctor.jpg,F_9_LFD_NN_sk.wav,filler,LFD,original,NA,groupD,non-native,NA
kangaroo.jpg,wood.jpg,F_10_LFD_NN_sk.wav,filler,LFD,original,NA,groupD,non-native,NA
crib.jpg,road.jpg,F_11_LFD_NN_sk.wav,filler,LFD,original,NA,groupD,non-native,NA
leopard.jpg,priest.jpg,F_12_LFD_NN_sk.wav,filler,LFD,original,NA,groupD,non-native,NA
ladybug.jpg,suitcase.jpg,F_13_LFD_NN_sk.wav,filler,LFD,original,NA,groupD,non-native,NA
drill.jpg,neck.jpg,F_14_LFD_NN_sk.wav,filler,LFD,original,NA,groupD,non-native,NA
brush.jpg,rose.jpg,F_15_LFD_NN_sk.wav,filler,LFD,original,NA,groupD,non-native,NA
walrus.jpg,net.jpg,F_16_LFD_NN_sk.wav,filler,LFD,original,NA,groupD,non-native,NA
wine.jpg,penguin.jpg,F_1_HFF_NN_sk.wav,filler,HFF,original,NA,groupD,non-native,NA
hat.jpg,peach.jpg,F_2_HFF_NN_sk.wav,filler,HFF,original,NA,groupD,non-native,NA
cheese.jpg,butterfly.jpg,F_3_HFF_NN_sk.wav,filler,HFF,original,NA,groupD,non-native,NA
floor.jpg,thimble.jpg,F_4_HFF_NN_sk.wav,filler,HFF,original,NA,groupD,non-native,NA
man.jpg,beaver.jpg,F_5_HFF_NN_sk.wav,filler,HFF,original,NA,groupD,non-native,NA
city.jpg,flute.jpg,F_6_HFF_NN_sk.wav,filler,HFF,original,NA,groupD,non-native,NA
bar.jpg,artichoke.jpg,F_7_HFF_NN_sk.wav,filler,HFF,original,NA,groupD,non-native,NA
woman.jpg,slide.jpg,F_8_HFF_NN_sk.wav,filler,HFF,original,NA,groupD,non-native,NA
book.jpg,antlers.jpg,F_9_HFF_NN_sk.wav,filler,HFF,original,NA,groupD,non-native,NA
piano.jpg,razor.jpg,F_10_HFF_NN_sk.wav,filler,HFF,original,NA,groupD,non-native,NA
horse.jpg,iron.jpg,F_11_HFF_NN_sk.wav,filler,HFF,original,NA,groupD,non-native,NA
glass.jpg,zebra.jpg,F_12_HFF_NN_sk.wav,filler,HFF,original,NA,groupD,non-native,NA
boy.jpg,anvil.jpg,F_13_HFF_NN_sk.wav,filler,HFF,original,NA,groupD,non-native,NA
fire.jpg,binoculars.jpg,F_14_HFF_NN_sk.wav,filler,HFF,original,NA,groupD,non-native,NA
lips.jpg,safetypin.jpg,F_15_HFF_NN_sk.wav,filler,HFF,original,NA,groupD,non-native,NA
rock.jpg,recordplayer.jpg,F_16_HFF_NN_sk.wav,filler,HFF,original,NA,groupD,non-native,NA
rollerskate.jpg,cow.jpg,practice1_N_de.wav,practice,practice,NA,NA,practice,native,yes
glasses.jpg,bird2.jpg,practice2_N_de.wav,practice,practice,NA,NA,practice,native,yes
rollerskate.jpg,cow.jpg,practice1_NN_de.wav,practice,practice,NA,NA,practice,non-native,yes
glasses.jpg,bird2.jpg,practice2_NN_de.wav,practice,practice,NA,NA,practice,non-native,yes
toothbrush.jpg,bench.jpg,T_1_LFF_A_N_de.wav,target,LFF,1F,574,groupA,native,NA
blimp.jpg,shoe.jpg,T_2_LFF_A_N_de.wav,target,LFF,2F,482,groupA,native,NA
globe.jpg,chair.jpg,T_3_LFF_A_N_de.wav,target,LFF,3F,392,groupA,native,NA
funnel.jpg,star.jpg,T_4_LFF_A_N_de.wav,target,LFF,1F,574,groupA,native,NA
unicorn.jpg,telephone.jpg,T_5_LFF_A_N_de.wav,target,LFF,2F,482,groupA,native,NA
cactus.jpg,tooth.jpg,T_6_LFF_A_N_de.wav,target,LFF,3F,392,groupA,native,NA
earring.jpg,ball.jpg,T_7_LFF_A_N_de.wav,target,LFF,1F,574,groupA,native,NA
palmtree.jpg,flower.jpg,T_8_LFF_A_N_de.wav,target,LFF,2F,482,groupA,native,NA
highchair.jpg,table.jpg,T_1_LFD_A_N_de.wav,target,LFD,1D,1761,groupA,native,NA
sewingmachine.jpg,factory.jpg,T_2_LFD_A_N_de.wav,target,LFD,2D,1893,groupA,native,NA
wheelbarrow.jpg,stairs.jpg,T_3_LFD_A_N_de.wav,target,LFD,3D,1802,groupA,native,NA
igloo.jpg,rain.jpg,T_4_LFD_A_N_de.wav,target,LFD,1D,1761,groupA,native,NA
swing.jpg,wall.jpg,T_5_LFD_A_N_de.wav,target,LFD,2D,1893,groupA,native,NA
pineapple.jpg,bridge.jpg,T_6_LFD_A_N_de.wav,target,LFD,3D,1802,groupA,native,NA
typewriter.jpg,cigarette.jpg,T_7_LFD_A_N_de.wav,target,LFD,1D,1761,groupA,native,NA
vacuum.jpg,king.jpg,T_8_LFD_A_N_de.wav,target,LFD,2D,1893,groupA,native,NA
bottle.jpg,saw.jpg,T_1_HFF_A_N_de.wav,target,HFF,1F,574,groupA,native,NA
sun.jpg,harp.jpg,T_2_HFF_A_N_de.wav,target,HFF,2F,482,groupA,native,NA
moon.jpg,fan.jpg,T_3_HFF_A_N_de.wav,target,HFF,3F,392,groupA,native,NA
car.jpg,alligator.jpg,T_4_HFF_A_N_de.wav,target,HFF,1F,574,groupA,native,NA
baby.jpg,rhinoceros.jpg,T_5_HFF_A_N_de.wav,target,HFF,2F,482,groupA,native,NA
bus.jpg,snowman.jpg,T_6_HFF_A_N_de.wav,target,HFF,3F,392,groupA,native,NA
arm.jpg,ostrich.jpg,T_7_HFF_A_N_de.wav,target,HFF,2F,482,groupA,native,NA
train.jpg,pumpkin.jpg,T_8_HFF_A_N_de.wav,target,HFF,3F,392,groupA,native,NA
dog.jpg,hose.jpg,T_1_HFD_A_N_de.wav,target,HFD,1D,1761,groupA,native,NA
church.jpg,snail.jpg,T_2_HFD_A_N_de.wav,target,HFD,2D,1893,groupA,native,NA
nose.jpg,wateringcan.jpg,T_3_HFD_A_N_de.wav,target,HFD,3D,1802,groupA,native,NA
door.jpg,strawberry.jpg,T_4_HFD_A_N_de.wav,target,HFD,1D,1761,groupA,native,NA
fish.jpg,dolphin.jpg,T_5_HFD_A_N_de.wav,target,HFD,2D,1893,groupA,native,NA
hand.jpg,bat.jpg,T_6_HFD_A_N_de.wav,target,HFD,3D,1802,groupA,native,NA
eye.jpg,puzzle.jpg,T_7_HFD_A_N_de.wav,target,HFD,2D,1893,groupA,native,NA
tree.jpg,dinosaur.jpg,T_8_HFD_A_N_de.wav,target,HFD,3D,1802,groupA,native,NA
raccoon.jpg,smoke.jpg,F_1_LFD_N_de.wav,filler,LFD,original,NA,groupA,native,NA
jumprope.jpg,house.jpg,F_2_LFD_N_de.wav,filler,LFD,original,NA,groupA,native,NA
radish.jpg,bread.jpg,F_3_LFD_N_de.wav,filler,LFD,original,NA,groupA,native,NA
pick.jpg,bride.jpg,F_4_LFD_N_de.wav,filler,LFD,original,NA,groupA,native,NA
pencilsharpener.jpg,bird.jpg,F_5_LFD_N_de.wav,filler,LFD,original,NA,groupA,native,NA
tripod.jpg,ear.jpg,F_6_LFD_N_de.wav,filler,LFD,original,NA,groupA,native,NA
seahorse.jpg,paper.jpg,F_7_LFD_N_de.wav,filler,LFD,original,NA,groupA,native,NA
ladle.jpg,butter.jpg,F_8_LFD_N_de.wav,filler,LFD,original,NA,groupA,native,NA
firehydrant.jpg,doctor.jpg,F_9_LFD_N_de.wav,filler,LFD,original,NA,groupA,native,NA
kangaroo.jpg,wood.jpg,F_10_LFD_N_de.wav,filler,LFD,original,NA,groupA,native,NA
crib.jpg,road.jpg,F_11_LFD_N_de.wav,filler,LFD,original,NA,groupA,native,NA
leopard.jpg,priest.jpg,F_12_LFD_N_de.wav,filler,LFD,original,NA,groupA,native,NA
ladybug.jpg,suitcase.jpg,F_13_LFD_N_de.wav,filler,LFD,original,NA,groupA,native,NA
drill.jpg,neck.jpg,F_14_LFD_N_de.wav,filler,LFD,original,NA,groupA,native,NA
brush.jpg,rose.jpg,F_15_LFD_N_de.wav,filler,LFD,original,NA,groupA,native,NA
walrus.jpg,net.jpg,F_16_LFD_N_de.wav,filler,LFD,original,NA,groupA,native,NA
wine.jpg,penguin.jpg,F_1_HFF_N_de.wav,filler,HFF,original,NA,groupA,native,NA
hat.jpg,peach.jpg,F_2_HFF_N_de.wav,filler,HFF,original,NA,groupA,native,NA
cheese.jpg,butterfly.jpg,F_3_HFF_N_de.wav,filler,HFF,original,NA,groupA,native,NA
floor.jpg,thimble.jpg,F_4_HFF_N_de.wav,filler,HFF,original,NA,groupA,native,NA
man.jpg,beaver.jpg,F_5_HFF_N_de.wav,filler,HFF,original,NA,groupA,native,NA
city.jpg,flute.jpg,F_6_HFF_N_de.wav,filler,HFF,original,NA,groupA,native,NA
bar.jpg,artichoke.jpg,F_7_HFF_N_de.wav,filler,HFF,original,NA,groupA,native,NA
woman.jpg,slide.jpg,F_8_HFF_N_de.wav,filler,HFF,original,NA,groupA,native,NA
book.jpg,antlers.jpg,F_9_HFF_N_de.wav,filler,HFF,original,NA,groupA,native,NA
piano.jpg,razor.jpg,F_10_HFF_N_de.wav,filler,HFF,original,NA,groupA,native,NA
horse.jpg,iron.jpg,F_11_HFF_N_de.wav,filler,HFF,original,NA,groupA,native,NA
glass.jpg,zebra.jpg,F_12_HFF_N_de.wav,filler,HFF,original,NA,groupA,native,NA
boy.jpg,anvil.jpg,F_13_HFF_N_de.wav,filler,HFF,original,NA,groupA,native,NA
fire.jpg,binoculars.jpg,F_14_HFF_N_de.wav,filler,HFF,original,NA,groupA,native,NA
lips.jpg,safetypin.jpg,F_15_HFF_N_de.wav,filler,HFF,original,NA,groupA,native,NA
rock.jpg,recordplayer.jpg,F_16_HFF_N_de.wav,filler,HFF,original,NA,groupA,native,NA
highchair.jpg,table.jpg,T_1_LFF_B_N_de.wav,target,LFF,1F,574,groupB,native,NA
sewingmachine.jpg,factory.jpg,T_2_LFF_B_N_de.wav,target,LFF,2F,482,groupB,native,NA
wheelbarrow.jpg,stairs.jpg,T_3_LFF_B_N_de.wav,target,LFF,3F,392,groupB,native,NA
igloo.jpg,rain.jpg,T_4_LFF_B_N_de.wav,target,LFF,1F,574,groupB,native,NA
swing.jpg,wall.jpg,T_5_LFF_B_N_de.wav,target,LFF,2F,482,groupB,native,NA
pineapple.jpg,bridge.jpg,T_6_LFF_B_N_de.wav,target,LFF,3F,392,groupB,native,NA
typewriter.jpg,cigarette.jpg,T_7_LFF_B_N_de.wav,target,LFF,1F,574,groupB,native,NA
vacuum.jpg,king.jpg,T_8_LFF_B_N_de.wav,target,LFF,2F,482,groupB,native,NA
toothbrush.jpg,bench.jpg,T_1_LFD_B_N_de.wav,target,LFD,1D,1761,groupB,native,NA
blimp.jpg,shoe.jpg,T_2_LFD_B_N_de.wav,target,LFD,2D,1893,groupB,native,NA
globe.jpg,chair.jpg,T_3_LFD_B_N_de.wav,target,LFD,3D,1802,groupB,native,NA
funnel.jpg,star.jpg,T_4_LFD_B_N_de.wav,target,LFD,1D,1761,groupB,native,NA
unicorn.jpg,telephone.jpg,T_5_LFD_B_N_de.wav,target,LFD,2D,1893,groupB,native,NA
cactus.jpg,tooth.jpg,T_6_LFD_B_N_de.wav,target,LFD,3D,1802,groupB,native,NA
earring.jpg,ball.jpg,T_7_LFD_B_N_de.wav,target,LFD,1D,1761,groupB,native,NA
palmtree.jpg,flower.jpg,T_8_LFD_B_N_de.wav,target,LFD,2D,1893,groupB,native,NA
dog.jpg,hose.jpg,T_1_HFF_B_N_de.wav,target,HFF,1F,574,groupB,native,NA
church.jpg,snail.jpg,T_2_HFF_B_N_de.wav,target,HFF,2F,482,groupB,native,NA
nose.jpg,wateringcan.jpg,T_3_HFF_B_N_de.wav,target,HFF,3F,392,groupB,native,NA
door.jpg,strawberry.jpg,T_4_HFF_B_N_de.wav,target,HFF,1F,574,groupB,native,NA
fish.jpg,dolphin.jpg,T_5_HFF_B_N_de.wav,target,HFF,2F,482,groupB,native,NA
hand.jpg,bat.jpg,T_6_HFF_B_N_de.wav,target,HFF,3F,392,groupB,native,NA
eye.jpg,puzzle.jpg,T_7_HFF_B_N_de.wav,target,HFF,2F,482,groupB,native,NA
tree.jpg,dinosaur.jpg,T_8_HFF_B_N_de.wav,target,HFF,3F,392,groupB,native,NA
bottle.jpg,saw.jpg,T_1_HFD_B_N_de.wav,target,HFD,1D,1761,groupB,native,NA
sun.jpg,harp.jpg,T_2_HFD_B_N_de.wav,target,HFD,2D,1893,groupB,native,NA
moon.jpg,fan.jpg,T_3_HFD_B_N_de.wav,target,HFD,3D,1802,groupB,native,NA
car.jpg,alligator.jpg,T_4_HFD_B_N_de.wav,target,HFD,1D,1761,groupB,native,NA
baby.jpg,rhinoceros.jpg,T_5_HFD_B_N_de.wav,target,HFD,2D,1893,groupB,native,NA
bus.jpg,snowman.jpg,T_6_HFD_B_N_de.wav,target,HFD,3D,1802,groupB,native,NA
arm.jpg,ostrich.jpg,T_7_HFD_B_N_de.wav,target,HFD,2D,1893,groupB,native,NA
train.jpg,pumpkin.jpg,T_8_HFD_B_N_de.wav,target,HFD,3D,1802,groupB,native,NA
raccoon.jpg,smoke.jpg,F_1_LFD_N_de.wav,filler,LFD,original,NA,groupB,native,NA
jumprope.jpg,house.jpg,F_2_LFD_N_de.wav,filler,LFD,original,NA,groupB,native,NA
radish.jpg,bread.jpg,F_3_LFD_N_de.wav,filler,LFD,original,NA,groupB,native,NA
pick.jpg,bride.jpg,F_4_LFD_N_de.wav,filler,LFD,original,NA,groupB,native,NA
pencilsharpener.jpg,bird.jpg,F_5_LFD_N_de.wav,filler,LFD,original,NA,groupB,native,NA
tripod.jpg,ear.jpg,F_6_LFD_N_de.wav,filler,LFD,original,NA,groupB,native,NA
seahorse.jpg,paper.jpg,F_7_LFD_N_de.wav,filler,LFD,original,NA,groupB,native,NA
ladle.jpg,butter.jpg,F_8_LFD_N_de.wav,filler,LFD,original,NA,groupB,native,NA
firehydrant.jpg,doctor.jpg,F_9_LFD_N_de.wav,filler,LFD,original,NA,groupB,native,NA
kangaroo.jpg,wood.jpg,F_10_LFD_N_de.wav,filler,LFD,original,NA,groupB,native,NA
crib.jpg,road.jpg,F_11_LFD_N_de.wav,filler,LFD,original,NA,groupB,native,NA
leopard.jpg,priest.jpg,F_12_LFD_N_de.wav,filler,LFD,original,NA,groupB,native,NA
ladybug.jpg,suitcase.jpg,F_13_LFD_N_de.wav,filler,LFD,original,NA,groupB,native,NA
drill.jpg,neck.jpg,F_14_LFD_N_de.wav,filler,LFD,original,NA,groupB,native,NA
brush.jpg,rose.jpg,F_15_LFD_N_de.wav,filler,LFD,original,NA,groupB,native,NA
walrus.jpg,net.jpg,F_16_LFD_N_de.wav,filler,LFD,original,NA,groupB,native,NA
wine.jpg,penguin.jpg,F_1_HFF_N_de.wav,filler,HFF,original,NA,groupB,native,NA
hat.jpg,peach.jpg,F_2_HFF_N_de.wav,filler,HFF,original,NA,groupB,native,NA
cheese.jpg,butterfly.jpg,F_3_HFF_N_de.wav,filler,HFF,original,NA,groupB,native,NA
floor.jpg,thimble.jpg,F_4_HFF_N_de.wav,filler,HFF,original,NA,groupB,native,NA
man.jpg,beaver.jpg,F_5_HFF_N_de.wav,filler,HFF,original,NA,groupB,native,NA
city.jpg,flute.jpg,F_6_HFF_N_de.wav,filler,HFF,original,NA,groupB,native,NA
bar.jpg,artichoke.jpg,F_7_HFF_N_de.wav,filler,HFF,original,NA,groupB,native,NA
woman.jpg,slide.jpg,F_8_HFF_N_de.wav,filler,HFF,original,NA,groupB,native,NA
book.jpg,antlers.jpg,F_9_HFF_N_de.wav,filler,HFF,original,NA,groupB,native,NA
piano.jpg,razor.jpg,F_10_HFF_N_de.wav,filler,HFF,original,NA,groupB,native,NA
horse.jpg,iron.jpg,F_11_HFF_N_de.wav,filler,HFF,original,NA,groupB,native,NA
glass.jpg,zebra.jpg,F_12_HFF_N_de.wav,filler,HFF,original,NA,groupB,native,NA
boy.jpg,anvil.jpg,F_13_HFF_N_de.wav,filler,HFF,original,NA,groupB,native,NA
fire.jpg,binoculars.jpg,F_14_HFF_N_de.wav,filler,HFF,original,NA,groupB,native,NA
lips.jpg,safetypin.jpg,F_15_HFF_N_de.wav,filler,HFF,original,NA,groupB,native,NA
rock.jpg,recordplayer.jpg,F_16_HFF_N_de.wav,filler,HFF,original,NA,groupB,native,NA
saw.jpg,bottle.jpg,T_1_LFF_C_N_de.wav,target,LFF,1F,574,groupC,native,NA
harp.jpg,sun.jpg,T_2_LFF_C_N_de.wav,target,LFF,2F,482,groupC,native,NA
fan.jpg,moon.jpg,T_3_LFF_C_N_de.wav,target,LFF,3F,392,groupC,native,NA
alligator.jpg,car.jpg,T_4_LFF_C_N_de.wav,target,LFF,1F,574,groupC,native,NA
rhinoceros.jpg,baby.jpg,T_5_LFF_C_N_de.wav,target,LFF,2F,482,groupC,native,NA
snowman.jpg,bus.jpg,T_6_LFF_C_N_de.wav,target,LFF,3F,392,groupC,native,NA
ostrich.jpg,arm.jpg,T_7_LFF_C_N_de.wav,target,LFF,1F,574,groupC,native,NA
pumpkin.jpg,train.jpg,T_8_LFF_C_N_de.wav,target,LFF,2F,482,groupC,native,NA
hose.jpg,dog.jpg,T_1_LFD_C_N_de.wav,target,LFD,1D,1761,groupC,native,NA
snail.jpg,church.jpg,T_2_LFD_C_N_de.wav,target,LFD,2D,1893,groupC,native,NA
wateringcan.jpg,nose.jpg,T_3_LFD_C_N_de.wav,target,LFD,3D,1802,groupC,native,NA
strawberry.jpg,door.jpg,T_4_LFD_C_N_de.wav,target,LFD,1D,1761,groupC,native,NA
dolphin.jpg,fish.jpg,T_5_LFD_C_N_de.wav,target,LFD,2D,1893,groupC,native,NA
bat.jpg,hand.jpg,T_6_LFD_C_N_de.wav,target,LFD,3D,1802,groupC,native,NA
puzzle.jpg,eye.jpg,T_7_LFD_C_N_de.wav,target,LFD,1D,1761,groupC,native,NA
dinosaur.jpg,tree.jpg,T_8_LFD_C_N_de.wav,target,LFD,2D,1893,groupC,native,NA
bench.jpg,toothbrush.jpg,T_1_HFF_C_N_de.wav,target,HFF,1F,574,groupC,native,NA
shoe.jpg,blimp.jpg,T_2_HFF_C_N_de.wav,target,HFF,2F,482,groupC,native,NA
chair.jpg,globe.jpg,T_3_HFF_C_N_de.wav,target,HFF,3F,392,groupC,native,NA
star.jpg,funnel.jpg,T_4_HFF_C_N_de.wav,target,HFF,1F,574,groupC,native,NA
telephone.jpg,unicorn.jpg,T_5_HFF_C_N_de.wav,target,HFF,2F,482,groupC,native,NA
tooth.jpg,cactus.jpg,T_6_HFF_C_N_de.wav,target,HFF,3F,392,groupC,native,NA
ball.jpg,earring.jpg,T_7_HFF_C_N_de.wav,target,HFF,2F,482,groupC,native,NA
flower.jpg,palmtree.jpg,T_8_HFF_C_N_de.wav,target,HFF,3F,392,groupC,native,NA
table.jpg,highchair.jpg,T_1_HFD_C_N_de.wav,target,HFD,1D,1761,groupC,native,NA
factory.jpg,sewingmachine.jpg,T_2_HFD_C_N_de.wav,target,HFD,2D,1893,groupC,native,NA
stairs.jpg,wheelbarrow.jpg,T_3_HFD_C_N_de.wav,target,HFD,3D,1802,groupC,native,NA
rain.jpg,igloo.jpg,T_4_HFD_C_N_de.wav,target,HFD,1D,1761,groupC,native,NA
wall.jpg,swing.jpg,T_5_HFD_C_N_de.wav,target,HFD,2D,1893,groupC,native,NA
bridge.jpg,pineapple.jpg,T_6_HFD_C_N_de.wav,target,HFD,3D,1802,groupC,native,NA
cigarette.jpg,typewriter.jpg,T_7_HFD_C_N_de.wav,target,HFD,2D,1893,groupC,native,NA
king.jpg,vacuum.jpg,T_8_HFD_C_N_de.wav,target,HFD,3D,1802,groupC,native,NA
raccoon.jpg,smoke.jpg,F_1_LFD_N_de.wav,filler,LFD,original,NA,groupC,native,NA
jumprope.jpg,house.jpg,F_2_LFD_N_de.wav,filler,LFD,original,NA,groupC,native,NA
radish.jpg,bread.jpg,F_3_LFD_N_de.wav,filler,LFD,original,NA,groupC,native,NA
pick.jpg,bride.jpg,F_4_LFD_N_de.wav,filler,LFD,original,NA,groupC,native,NA
pencilsharpener.jpg,bird.jpg,F_5_LFD_N_de.wav,filler,LFD,original,NA,groupC,native,NA
tripod.jpg,ear.jpg,F_6_LFD_N_de.wav,filler,LFD,original,NA,groupC,native,NA
seahorse.jpg,paper.jpg,F_7_LFD_N_de.wav,filler,LFD,original,NA,groupC,native,NA
ladle.jpg,butter.jpg,F_8_LFD_N_de.wav,filler,LFD,original,NA,groupC,native,NA
firehydrant.jpg,doctor.jpg,F_9_LFD_N_de.wav,filler,LFD,original,NA,groupC,native,NA
kangaroo.jpg,wood.jpg,F_10_LFD_N_de.wav,filler,LFD,original,NA,groupC,native,NA
crib.jpg,road.jpg,F_11_LFD_N_de.wav,filler,LFD,original,NA,groupC,native,NA
leopard.jpg,priest.jpg,F_12_LFD_N_de.wav,filler,LFD,original,NA,groupC,native,NA
ladybug.jpg,suitcase.jpg,F_13_LFD_N_de.wav,filler,LFD,original,NA,groupC,native,NA
drill.jpg,neck.jpg,F_14_LFD_N_de.wav,filler,LFD,original,NA,groupC,native,NA
brush.jpg,rose.jpg,F_15_LFD_N_de.wav,filler,LFD,original,NA,groupC,native,NA
walrus.jpg,net.jpg,F_16_LFD_N_de.wav,filler,LFD,original,NA,groupC,native,NA
wine.jpg,penguin.jpg,F_1_HFF_N_de.wav,filler,HFF,original,NA,groupC,native,NA
hat.jpg,peach.jpg,F_2_HFF_N_de.wav,filler,HFF,original,NA,groupC,native,NA
cheese.jpg,butterfly.jpg,F_3_HFF_N_de.wav,filler,HFF,original,NA,groupC,native,NA
floor.jpg,thimble.jpg,F_4_HFF_N_de.wav,filler,HFF,original,NA,groupC,native,NA
man.jpg,beaver.jpg,F_5_HFF_N_de.wav,filler,HFF,original,NA,groupC,native,NA
city.jpg,flute.jpg,F_6_HFF_N_de.wav,filler,HFF,original,NA,groupC,native,NA
bar.jpg,artichoke.jpg,F_7_HFF_N_de.wav,filler,HFF,original,NA,groupC,native,NA
woman.jpg,slide.jpg,F_8_HFF_N_de.wav,filler,HFF,original,NA,groupC,native,NA
book.jpg,antlers.jpg,F_9_HFF_N_de.wav,filler,HFF,original,NA,groupC,native,NA
piano.jpg,razor.jpg,F_10_HFF_N_de.wav,filler,HFF,original,NA,groupC,native,NA
horse.jpg,iron.jpg,F_11_HFF_N_de.wav,filler,HFF,original,NA,groupC,native,NA
glass.jpg,zebra.jpg,F_12_HFF_N_de.wav,filler,HFF,original,NA,groupC,native,NA
boy.jpg,anvil.jpg,F_13_HFF_N_de.wav,filler,HFF,original,NA,groupC,native,NA
fire.jpg,binoculars.jpg,F_14_HFF_N_de.wav,filler,HFF,original,NA,groupC,native,NA
lips.jpg,safetypin.jpg,F_15_HFF_N_de.wav,filler,HFF,original,NA,groupC,native,NA
rock.jpg,recordplayer.jpg,F_16_HFF_N_de.wav,filler,HFF,original,NA,groupC,native,NA
hose.jpg,dog.jpg,T_1_LFF_D_N_de.wav,target,LFF,1F,574,groupD,native,NA
snail.jpg,church.jpg,T_2_LFF_D_N_de.wav,target,LFF,2F,482,groupD,native,NA
wateringcan.jpg,nose.jpg,T_3_LFF_D_N_de.wav,target,LFF,3F,392,groupD,native,NA
strawberry.jpg,door.jpg,T_4_LFF_D_N_de.wav,target,LFF,1F,574,groupD,native,NA
dolphin.jpg,fish.jpg,T_5_LFF_D_N_de.wav,target,LFF,2F,482,groupD,native,NA
bat.jpg,hand.jpg,T_6_LFF_D_N_de.wav,target,LFF,3F,392,groupD,native,NA
puzzle.jpg,eye.jpg,T_7_LFF_D_N_de.wav,target,LFF,1F,574,groupD,native,NA
dinosaur.jpg,tree.jpg,T_8_LFF_D_N_de.wav,target,LFF,2F,482,groupD,native,NA
saw.jpg,bottle.jpg,T_1_LFD_D_N_de.wav,target,LFD,1D,1761,groupD,native,NA
harp.jpg,sun.jpg,T_2_LFD_D_N_de.wav,target,LFD,2D,1893,groupD,native,NA
fan.jpg,moon.jpg,T_3_LFD_D_N_de.wav,target,LFD,3D,1802,groupD,native,NA
alligator.jpg,car.jpg,T_4_LFD_D_N_de.wav,target,LFD,1D,1761,groupD,native,NA
rhinoceros.jpg,baby.jpg,T_5_LFD_D_N_de.wav,target,LFD,2D,1893,groupD,native,NA
snowman.jpg,bus.jpg,T_6_LFD_D_N_de.wav,target,LFD,3D,1802,groupD,native,NA
ostrich.jpg,arm.jpg,T_7_LFD_D_N_de.wav,target,LFD,1D,1761,groupD,native,NA
pumpkin.jpg,train.jpg,T_8_LFD_D_N_de.wav,target,LFD,2D,1893,groupD,native,NA
table.jpg,highchair.jpg,T_1_HFF_D_N_de.wav,target,HFF,1F,574,groupD,native,NA
factory.jpg,sewingmachine.jpg,T_2_HFF_D_N_de.wav,target,HFF,2F,482,groupD,native,NA
stairs.jpg,wheelbarrow.jpg,T_3_HFF_D_N_de.wav,target,HFF,3F,392,groupD,native,NA
rain.jpg,igloo.jpg,T_4_HFF_D_N_de.wav,target,HFF,1F,574,groupD,native,NA
wall.jpg,swing.jpg,T_5_HFF_D_N_de.wav,target,HFF,2F,482,groupD,native,NA
bridge.jpg,pineapple.jpg,T_6_HFF_D_N_de.wav,target,HFF,3F,392,groupD,native,NA
cigarette.jpg,typewriter.jpg,T_7_HFF_D_N_de.wav,target,HFF,2F,482,groupD,native,NA
king.jpg,vacuum.jpg,T_8_HFF_D_N_de.wav,target,HFF,3F,392,groupD,native,NA
bench.jpg,toothbrush.jpg,T_1_HFD_D_N_de.wav,target,HFD,1D,1761,groupD,native,NA
shoe.jpg,blimp.jpg,T_2_HFD_D_N_de.wav,target,HFD,2D,1893,groupD,native,NA
chair.jpg,globe.jpg,T_3_HFD_D_N_de.wav,target,HFD,3D,1802,groupD,native,NA
star.jpg,funnel.jpg,T_4_HFD_D_N_de.wav,target,HFD,1D,1761,groupD,native,NA
telephone.jpg,unicorn.jpg,T_5_HFD_D_N_de.wav,target,HFD,2D,1893,groupD,native,NA
tooth.jpg,cactus.jpg,T_6_HFD_D_N_de.wav,target,HFD,3D,1802,groupD,native,NA
ball.jpg,earring.jpg,T_7_HFD_D_N_de.wav,target,HFD,2D,1893,groupD,native,NA
flower.jpg,palmtree.jpg,T_8_HFD_D_N_de.wav,target,HFD,3D,1802,groupD,native,NA
raccoon.jpg,smoke.jpg,F_1_LFD_N_de.wav,filler,LFD,original,NA,groupD,native,NA
jumprope.jpg,house.jpg,F_2_LFD_N_de.wav,filler,LFD,original,NA,groupD,native,NA
radish.jpg,bread.jpg,F_3_LFD_N_de.wav,filler,LFD,original,NA,groupD,native,NA
pick.jpg,bride.jpg,F_4_LFD_N_de.wav,filler,LFD,original,NA,groupD,native,NA
pencilsharpener.jpg,bird.jpg,F_5_LFD_N_de.wav,filler,LFD,original,NA,groupD,native,NA
tripod.jpg,ear.jpg,F_6_LFD_N_de.wav,filler,LFD,original,NA,groupD,native,NA
seahorse.jpg,paper.jpg,F_7_LFD_N_de.wav,filler,LFD,original,NA,groupD,native,NA
ladle.jpg,butter.jpg,F_8_LFD_N_de.wav,filler,LFD,original,NA,groupD,native,NA
firehydrant.jpg,doctor.jpg,F_9_LFD_N_de.wav,filler,LFD,original,NA,groupD,native,NA
kangaroo.jpg,wood.jpg,F_10_LFD_N_de.wav,filler,LFD,original,NA,groupD,native,NA
crib.jpg,road.jpg,F_11_LFD_N_de.wav,filler,LFD,original,NA,groupD,native,NA
leopard.jpg,priest.jpg,F_12_LFD_N_de.wav,filler,LFD,original,NA,groupD,native,NA
ladybug.jpg,suitcase.jpg,F_13_LFD_N_de.wav,filler,LFD,original,NA,groupD,native,NA
drill.jpg,neck.jpg,F_14_LFD_N_de.wav,filler,LFD,original,NA,groupD,native,NA
brush.jpg,rose.jpg,F_15_LFD_N_de.wav,filler,LFD,original,NA,groupD,native,NA
walrus.jpg,net.jpg,F_16_LFD_N_de.wav,filler,LFD,original,NA,groupD,native,NA
wine.jpg,penguin.jpg,F_1_HFF_N_de.wav,filler,HFF,original,NA,groupD,native,NA
hat.jpg,peach.jpg,F_2_HFF_N_de.wav,filler,HFF,original,NA,groupD,native,NA
cheese.jpg,butterfly.jpg,F_3_HFF_N_de.wav,filler,HFF,original,NA,groupD,native,NA
floor.jpg,thimble.jpg,F_4_HFF_N_de.wav,filler,HFF,original,NA,groupD,native,NA
man.jpg,beaver.jpg,F_5_HFF_N_de.wav,filler,HFF,original,NA,groupD,native,NA
city.jpg,flute.jpg,F_6_HFF_N_de.wav,filler,HFF,original,NA,groupD,native,NA
bar.jpg,artichoke.jpg,F_7_HFF_N_de.wav,filler,HFF,original,NA,groupD,native,NA
woman.jpg,slide.jpg,F_8_HFF_N_de.wav,filler,HFF,original,NA,groupD,native,NA
book.jpg,antlers.jpg,F_9_HFF_N_de.wav,filler,HFF,original,NA,groupD,native,NA
piano.jpg,razor.jpg,F_10_HFF_N_de.wav,filler,HFF,original,NA,groupD,native,NA
horse.jpg,iron.jpg,F_11_HFF_N_de.wav,filler,HFF,original,NA,groupD,native,NA
glass.jpg,zebra.jpg,F_12_HFF_N_de.wav,filler,HFF,original,NA,groupD,native,NA
boy.jpg,anvil.jpg,F_13_HFF_N_de.wav,filler,HFF,original,NA,groupD,native,NA
fire.jpg,binoculars.jpg,F_14_HFF_N_de.wav,filler,HFF,original,NA,groupD,native,NA
lips.jpg,safetypin.jpg,F_15_HFF_N_de.wav,filler,HFF,original,NA,groupD,native,NA
rock.jpg,recordplayer.jpg,F_16_HFF_N_de.wav,filler,HFF,original,NA,groupD,native,NA
toothbrush.jpg,bench.jpg,T_1_LFF_A_NN_de.wav,target,LFF,1F,637,groupA,non-native,NA
blimp.jpg,shoe.jpg,T_2_LFF_A_NN_de.wav,target,LFF,2F,692,groupA,non-native,NA
globe.jpg,chair.jpg,T_3_LFF_A_NN_de.wav,target,LFF,3F,595,groupA,non-native,NA
funnel.jpg,star.jpg,T_4_LFF_A_NN_de.wav,target,LFF,1F,637,groupA,non-native,NA
unicorn.jpg,telephone.jpg,T_5_LFF_A_NN_de.wav,target,LFF,2F,692,groupA,non-native,NA
cactus.jpg,tooth.jpg,T_6_LFF_A_NN_de.wav,target,LFF,3F,595,groupA,non-native,NA
earring.jpg,ball.jpg,T_7_LFF_A_NN_de.wav,target,LFF,1F,637,groupA,non-native,NA
palmtree.jpg,flower.jpg,T_8_LFF_A_NN_de.wav,target,LFF,2F,692,groupA,non-native,NA
highchair.jpg,table.jpg,T_1_LFD_A_NN_de.wav,target,LFD,1D,2242,groupA,non-native,NA
sewingmachine.jpg,factory.jpg,T_2_LFD_A_NN_de.wav,target,LFD,2D,2337,groupA,non-native,NA
wheelbarrow.jpg,stairs.jpg,T_3_LFD_A_NN_de.wav,target,LFD,3D,2178,groupA,non-native,NA
igloo.jpg,rain.jpg,T_4_LFD_A_NN_de.wav,target,LFD,1D,2242,groupA,non-native,NA
swing.jpg,wall.jpg,T_5_LFD_A_NN_de.wav,target,LFD,2D,2337,groupA,non-native,NA
pineapple.jpg,bridge.jpg,T_6_LFD_A_NN_de.wav,target,LFD,3D,2178,groupA,non-native,NA
typewriter.jpg,cigarette.jpg,T_7_LFD_A_NN_de.wav,target,LFD,1D,2242,groupA,non-native,NA
vacuum.jpg,king.jpg,T_8_LFD_A_NN_de.wav,target,LFD,2D,2337,groupA,non-native,NA
bottle.jpg,saw.jpg,T_1_HFF_A_NN_de.wav,target,HFF,1F,637,groupA,non-native,NA
sun.jpg,harp.jpg,T_2_HFF_A_NN_de.wav,target,HFF,2F,692,groupA,non-native,NA
moon.jpg,fan.jpg,T_3_HFF_A_NN_de.wav,target,HFF,3F,595,groupA,non-native,NA
car.jpg,alligator.jpg,T_4_HFF_A_NN_de.wav,target,HFF,1F,637,groupA,non-native,NA
baby.jpg,rhinoceros.jpg,T_5_HFF_A_NN_de.wav,target,HFF,2F,692,groupA,non-native,NA
bus.jpg,snowman.jpg,T_6_HFF_A_NN_de.wav,target,HFF,3F,595,groupA,non-native,NA
arm.jpg,ostrich.jpg,T_7_HFF_A_NN_de.wav,target,HFF,2F,692,groupA,non-native,NA
train.jpg,pumpkin.jpg,T_8_HFF_A_NN_de.wav,target,HFF,3F,595,groupA,non-native,NA
dog.jpg,hose.jpg,T_1_HFD_A_NN_de.wav,target,HFD,1D,2242,groupA,non-native,NA
church.jpg,snail.jpg,T_2_HFD_A_NN_de.wav,target,HFD,2D,2337,groupA,non-native,NA
nose.jpg,wateringcan.jpg,T_3_HFD_A_NN_de.wav,target,HFD,3D,2178,groupA,non-native,NA
door.jpg,strawberry.jpg,T_4_HFD_A_NN_de.wav,target,HFD,1D,2242,groupA,non-native,NA
fish.jpg,dolphin.jpg,T_5_HFD_A_NN_de.wav,target,HFD,2D,2337,groupA,non-native,NA
hand.jpg,bat.jpg,T_6_HFD_A_NN_de.wav,target,HFD,3D,2178,groupA,non-native,NA
eye.jpg,puzzle.jpg,T_7_HFD_A_NN_de.wav,target,HFD,2D,2337,groupA,non-native,NA
tree.jpg,dinosaur.jpg,T_8_HFD_A_NN_de.wav,target,HFD,3D,2178,groupA,non-native,NA
raccoon.jpg,smoke.jpg,F_1_LFD_NN_de.wav,filler,LFD,original,NA,groupA,non-native,NA
jumprope.jpg,house.jpg,F_2_LFD_NN_de.wav,filler,LFD,original,NA,groupA,non-native,NA
radish.jpg,bread.jpg,F_3_LFD_NN_de.wav,filler,LFD,original,NA,groupA,non-native,NA
pick.jpg,bride.jpg,F_4_LFD_NN_de.wav,filler,LFD,original,NA,groupA,non-native,NA
pencilsharpener.jpg,bird.jpg,F_5_LFD_NN_de.wav,filler,LFD,original,NA,groupA,non-native,NA
tripod.jpg,ear.jpg,F_6_LFD_NN_de.wav,filler,LFD,original,NA,groupA,non-native,NA
seahorse.jpg,paper.jpg,F_7_LFD_NN_de.wav,filler,LFD,original,NA,groupA,non-native,NA
ladle.jpg,butter.jpg,F_8_LFD_NN_de.wav,filler,LFD,original,NA,groupA,non-native,NA
firehydrant.jpg,doctor.jpg,F_9_LFD_NN_de.wav,filler,LFD,original,NA,groupA,non-native,NA
kangaroo.jpg,wood.jpg,F_10_LFD_NN_de.wav,filler,LFD,original,NA,groupA,non-native,NA
crib.jpg,road.jpg,F_11_LFD_NN_de.wav,filler,LFD,original,NA,groupA,non-native,NA
leopard.jpg,priest.jpg,F_12_LFD_NN_de.wav,filler,LFD,original,NA,groupA,non-native,NA
ladybug.jpg,suitcase.jpg,F_13_LFD_NN_de.wav,filler,LFD,original,NA,groupA,non-native,NA
drill.jpg,neck.jpg,F_14_LFD_NN_de.wav,filler,LFD,original,NA,groupA,non-native,NA
brush.jpg,rose.jpg,F_15_LFD_NN_de.wav,filler,LFD,original,NA,groupA,non-native,NA
walrus.jpg,net.jpg,F_16_LFD_NN_de.wav,filler,LFD,original,NA,groupA,non-native,NA
wine.jpg,penguin.jpg,F_1_HFF_NN_de.wav,filler,HFF,original,NA,groupA,non-native,NA
hat.jpg,peach.jpg,F_2_HFF_NN_de.wav,filler,HFF,original,NA,groupA,non-native,NA
cheese.jpg,butterfly.jpg,F_3_HFF_NN_de.wav,filler,HFF,original,NA,groupA,non-native,NA
floor.jpg,thimble.jpg,F_4_HFF_NN_de.wav,filler,HFF,original,NA,groupA,non-native,NA
man.jpg,beaver.jpg,F_5_HFF_NN_de.wav,filler,HFF,original,NA,groupA,non-native,NA
city.jpg,flute.jpg,F_6_HFF_NN_de.wav,filler,HFF,original,NA,groupA,non-native,NA
bar.jpg,artichoke.jpg,F_7_HFF_NN_de.wav,filler,HFF,original,NA,groupA,non-native,NA
woman.jpg,slide.jpg,F_8_HFF_NN_de.wav,filler,HFF,original,NA,groupA,non-native,NA
book.jpg,antlers.jpg,F_9_HFF_NN_de.wav,filler,HFF,original,NA,groupA,non-native,NA
piano.jpg,razor.jpg,F_10_HFF_NN_de.wav,filler,HFF,original,NA,groupA,non-native,NA
horse.jpg,iron.jpg,F_11_HFF_NN_de.wav,filler,HFF,original,NA,groupA,non-native,NA
glass.jpg,zebra.jpg,F_12_HFF_NN_de.wav,filler,HFF,original,NA,groupA,non-native,NA
boy.jpg,anvil.jpg,F_13_HFF_NN_de.wav,filler,HFF,original,NA,groupA,non-native,NA
fire.jpg,binoculars.jpg,F_14_HFF_NN_de.wav,filler,HFF,original,NA,groupA,non-native,NA
lips.jpg,safetypin.jpg,F_15_HFF_NN_de.wav,filler,HFF,original,NA,groupA,non-native,NA
rock.jpg,recordplayer.jpg,F_16_HFF_NN_de.wav,filler,HFF,original,NA,groupA,non-native,NA
highchair.jpg,table.jpg,T_1_LFF_B_NN_de.wav,target,LFF,1F,637,groupB,non-native,NA
sewingmachine.jpg,factory.jpg,T_2_LFF_B_NN_de.wav,target,LFF,2F,692,groupB,non-native,NA
wheelbarrow.jpg,stairs.jpg,T_3_LFF_B_NN_de.wav,target,LFF,3F,595,groupB,non-native,NA
igloo.jpg,rain.jpg,T_4_LFF_B_NN_de.wav,target,LFF,1F,637,groupB,non-native,NA
swing.jpg,wall.jpg,T_5_LFF_B_NN_de.wav,target,LFF,2F,692,groupB,non-native,NA
pineapple.jpg,bridge.jpg,T_6_LFF_B_NN_de.wav,target,LFF,3F,595,groupB,non-native,NA
typewriter.jpg,cigarette.jpg,T_7_LFF_B_NN_de.wav,target,LFF,1F,637,groupB,non-native,NA
vacuum.jpg,king.jpg,T_8_LFF_B_NN_de.wav,target,LFF,2F,692,groupB,non-native,NA
toothbrush.jpg,bench.jpg,T_1_LFD_B_NN_de.wav,target,LFD,1D,2242,groupB,non-native,NA
blimp.jpg,shoe.jpg,T_2_LFD_B_NN_de.wav,target,LFD,2D,2337,groupB,non-native,NA
globe.jpg,chair.jpg,T_3_LFD_B_NN_de.wav,target,LFD,3D,2178,groupB,non-native,NA
funnel.jpg,star.jpg,T_4_LFD_B_NN_de.wav,target,LFD,1D,2242,groupB,non-native,NA
unicorn.jpg,telephone.jpg,T_5_LFD_B_NN_de.wav,target,LFD,2D,2337,groupB,non-native,NA
cactus.jpg,tooth.jpg,T_6_LFD_B_NN_de.wav,target,LFD,3D,2178,groupB,non-native,NA
earring.jpg,ball.jpg,T_7_LFD_B_NN_de.wav,target,LFD,1D,2242,groupB,non-native,NA
palmtree.jpg,flower.jpg,T_8_LFD_B_NN_de.wav,target,LFD,2D,2337,groupB,non-native,NA
dog.jpg,hose.jpg,T_1_HFF_B_NN_de.wav,target,HFF,1F,637,groupB,non-native,NA
church.jpg,snail.jpg,T_2_HFF_B_NN_de.wav,target,HFF,2F,692,groupB,non-native,NA
nose.jpg,wateringcan.jpg,T_3_HFF_B_NN_de.wav,target,HFF,3F,595,groupB,non-native,NA
door.jpg,strawberry.jpg,T_4_HFF_B_NN_de.wav,target,HFF,1F,637,groupB,non-native,NA
fish.jpg,dolphin.jpg,T_5_HFF_B_NN_de.wav,target,HFF,2F,692,groupB,non-native,NA
hand.jpg,bat.jpg,T_6_HFF_B_NN_de.wav,target,HFF,3F,595,groupB,non-native,NA
eye.jpg,puzzle.jpg,T_7_HFF_B_NN_de.wav,target,HFF,2F,692,groupB,non-native,NA
tree.jpg,dinosaur.jpg,T_8_HFF_B_NN_de.wav,target,HFF,3F,595,groupB,non-native,NA
bottle.jpg,saw.jpg,T_1_HFD_B_NN_de.wav,target,HFD,1D,2242,groupB,non-native,NA
sun.jpg,harp.jpg,T_2_HFD_B_NN_de.wav,target,HFD,2D,2337,groupB,non-native,NA
moon.jpg,fan.jpg,T_3_HFD_B_NN_de.wav,target,HFD,3D,2178,groupB,non-native,NA
car.jpg,alligator.jpg,T_4_HFD_B_NN_de.wav,target,HFD,1D,2242,groupB,non-native,NA
baby.jpg,rhinoceros.jpg,T_5_HFD_B_NN_de.wav,target,HFD,2D,2337,groupB,non-native,NA
bus.jpg,snowman.jpg,T_6_HFD_B_NN_de.wav,target,HFD,3D,2178,groupB,non-native,NA
arm.jpg,ostrich.jpg,T_7_HFD_B_NN_de.wav,target,HFD,2D,2337,groupB,non-native,NA
train.jpg,pumpkin.jpg,T_8_HFD_B_NN_de.wav,target,HFD,3D,2178,groupB,non-native,NA
raccoon.jpg,smoke.jpg,F_1_LFD_NN_de.wav,filler,LFD,original,NA,groupB,non-native,NA
jumprope.jpg,house.jpg,F_2_LFD_NN_de.wav,filler,LFD,original,NA,groupB,non-native,NA
radish.jpg,bread.jpg,F_3_LFD_NN_de.wav,filler,LFD,original,NA,groupB,non-native,NA
pick.jpg,bride.jpg,F_4_LFD_NN_de.wav,filler,LFD,original,NA,groupB,non-native,NA
pencilsharpener.jpg,bird.jpg,F_5_LFD_NN_de.wav,filler,LFD,original,NA,groupB,non-native,NA
tripod.jpg,ear.jpg,F_6_LFD_NN_de.wav,filler,LFD,original,NA,groupB,non-native,NA
seahorse.jpg,paper.jpg,F_7_LFD_NN_de.wav,filler,LFD,original,NA,groupB,non-native,NA
ladle.jpg,butter.jpg,F_8_LFD_NN_de.wav,filler,LFD,original,NA,groupB,non-native,NA
firehydrant.jpg,doctor.jpg,F_9_LFD_NN_de.wav,filler,LFD,original,NA,groupB,non-native,NA
kangaroo.jpg,wood.jpg,F_10_LFD_NN_de.wav,filler,LFD,original,NA,groupB,non-native,NA
crib.jpg,road.jpg,F_11_LFD_NN_de.wav,filler,LFD,original,NA,groupB,non-native,NA
leopard.jpg,priest.jpg,F_12_LFD_NN_de.wav,filler,LFD,original,NA,groupB,non-native,NA
ladybug.jpg,suitcase.jpg,F_13_LFD_NN_de.wav,filler,LFD,original,NA,groupB,non-native,NA
drill.jpg,neck.jpg,F_14_LFD_NN_de.wav,filler,LFD,original,NA,groupB,non-native,NA
brush.jpg,rose.jpg,F_15_LFD_NN_de.wav,filler,LFD,original,NA,groupB,non-native,NA
walrus.jpg,net.jpg,F_16_LFD_NN_de.wav,filler,LFD,original,NA,groupB,non-native,NA
wine.jpg,penguin.jpg,F_1_HFF_NN_de.wav,filler,HFF,original,NA,groupB,non-native,NA
hat.jpg,peach.jpg,F_2_HFF_NN_de.wav,filler,HFF,original,NA,groupB,non-native,NA
cheese.jpg,butterfly.jpg,F_3_HFF_NN_de.wav,filler,HFF,original,NA,groupB,non-native,NA
floor.jpg,thimble.jpg,F_4_HFF_NN_de.wav,filler,HFF,original,NA,groupB,non-native,NA
man.jpg,beaver.jpg,F_5_HFF_NN_de.wav,filler,HFF,original,NA,groupB,non-native,NA
city.jpg,flute.jpg,F_6_HFF_NN_de.wav,filler,HFF,original,NA,groupB,non-native,NA
bar.jpg,artichoke.jpg,F_7_HFF_NN_de.wav,filler,HFF,original,NA,groupB,non-native,NA
woman.jpg,slide.jpg,F_8_HFF_NN_de.wav,filler,HFF,original,NA,groupB,non-native,NA
book.jpg,antlers.jpg,F_9_HFF_NN_de.wav,filler,HFF,original,NA,groupB,non-native,NA
piano.jpg,razor.jpg,F_10_HFF_NN_de.wav,filler,HFF,original,NA,groupB,non-native,NA
horse.jpg,iron.jpg,F_11_HFF_NN_de.wav,filler,HFF,original,NA,groupB,non-native,NA
glass.jpg,zebra.jpg,F_12_HFF_NN_de.wav,filler,HFF,original,NA,groupB,non-native,NA
boy.jpg,anvil.jpg,F_13_HFF_NN_de.wav,filler,HFF,original,NA,groupB,non-native,NA
fire.jpg,binoculars.jpg,F_14_HFF_NN_de.wav,filler,HFF,original,NA,groupB,non-native,NA
lips.jpg,safetypin.jpg,F_15_HFF_NN_de.wav,filler,HFF,original,NA,groupB,non-native,NA
rock.jpg,recordplayer.jpg,F_16_HFF_NN_de.wav,filler,HFF,original,NA,groupB,non-native,NA
saw.jpg,bottle.jpg,T_1_LFF_C_NN_de.wav,target,LFF,1F,637,groupC,non-native,NA
harp.jpg,sun.jpg,T_2_LFF_C_NN_de.wav,target,LFF,2F,692,groupC,non-native,NA
fan.jpg,moon.jpg,T_3_LFF_C_NN_de.wav,target,LFF,3F,595,groupC,non-native,NA
alligator.jpg,car.jpg,T_4_LFF_C_NN_de.wav,target,LFF,1F,637,groupC,non-native,NA
rhinoceros.jpg,baby.jpg,T_5_LFF_C_NN_de.wav,target,LFF,2F,692,groupC,non-native,NA
snowman.jpg,bus.jpg,T_6_LFF_C_NN_de.wav,target,LFF,3F,595,groupC,non-native,NA
ostrich.jpg,arm.jpg,T_7_LFF_C_NN_de.wav,target,LFF,1F,637,groupC,non-native,NA
pumpkin.jpg,train.jpg,T_8_LFF_C_NN_de.wav,target,LFF,2F,692,groupC,non-native,NA
hose.jpg,dog.jpg,T_1_LFD_C_NN_de.wav,target,LFD,1D,2242,groupC,non-native,NA
snail.jpg,church.jpg,T_2_LFD_C_NN_de.wav,target,LFD,2D,2337,groupC,non-native,NA
wateringcan.jpg,nose.jpg,T_3_LFD_C_NN_de.wav,target,LFD,3D,2178,groupC,non-native,NA
strawberry.jpg,door.jpg,T_4_LFD_C_NN_de.wav,target,LFD,1D,2242,groupC,non-native,NA
dolphin.jpg,fish.jpg,T_5_LFD_C_NN_de.wav,target,LFD,2D,2337,groupC,non-native,NA
bat.jpg,hand.jpg,T_6_LFD_C_NN_de.wav,target,LFD,3D,2178,groupC,non-native,NA
puzzle.jpg,eye.jpg,T_7_LFD_C_NN_de.wav,target,LFD,1D,2242,groupC,non-native,NA
dinosaur.jpg,tree.jpg,T_8_LFD_C_NN_de.wav,target,LFD,2D,2337,groupC,non-native,NA
bench.jpg,toothbrush.jpg,T_1_HFF_C_NN_de.wav,target,HFF,1F,637,groupC,non-native,NA
shoe.jpg,blimp.jpg,T_2_HFF_C_NN_de.wav,target,HFF,2F,692,groupC,non-native,NA
chair.jpg,globe.jpg,T_3_HFF_C_NN_de.wav,target,HFF,3F,595,groupC,non-native,NA
star.jpg,funnel.jpg,T_4_HFF_C_NN_de.wav,target,HFF,1F,637,groupC,non-native,NA
telephone.jpg,unicorn.jpg,T_5_HFF_C_NN_de.wav,target,HFF,2F,692,groupC,non-native,NA
tooth.jpg,cactus.jpg,T_6_HFF_C_NN_de.wav,target,HFF,3F,595,groupC,non-native,NA
ball.jpg,earring.jpg,T_7_HFF_C_NN_de.wav,target,HFF,2F,692,groupC,non-native,NA
flower.jpg,palmtree.jpg,T_8_HFF_C_NN_de.wav,target,HFF,3F,595,groupC,non-native,NA
table.jpg,highchair.jpg,T_1_HFD_C_NN_de.wav,target,HFD,1D,2242,groupC,non-native,NA
factory.jpg,sewingmachine.jpg,T_2_HFD_C_NN_de.wav,target,HFD,2D,2337,groupC,non-native,NA
stairs.jpg,wheelbarrow.jpg,T_3_HFD_C_NN_de.wav,target,HFD,3D,2178,groupC,non-native,NA
rain.jpg,igloo.jpg,T_4_HFD_C_NN_de.wav,target,HFD,1D,2242,groupC,non-native,NA
wall.jpg,swing.jpg,T_5_HFD_C_NN_de.wav,target,HFD,2D,2337,groupC,non-native,NA
bridge.jpg,pineapple.jpg,T_6_HFD_C_NN_de.wav,target,HFD,3D,2178,groupC,non-native,NA
cigarette.jpg,typewriter.jpg,T_7_HFD_C_NN_de.wav,target,HFD,2D,2337,groupC,non-native,NA
king.jpg,vacuum.jpg,T_8_HFD_C_NN_de.wav,target,HFD,3D,2178,groupC,non-native,NA
raccoon.jpg,smoke.jpg,F_1_LFD_NN_de.wav,filler,LFD,original,NA,groupC,non-native,NA
jumprope.jpg,house.jpg,F_2_LFD_NN_de.wav,filler,LFD,original,NA,groupC,non-native,NA
radish.jpg,bread.jpg,F_3_LFD_NN_de.wav,filler,LFD,original,NA,groupC,non-native,NA
pick.jpg,bride.jpg,F_4_LFD_NN_de.wav,filler,LFD,original,NA,groupC,non-native,NA
pencilsharpener.jpg,bird.jpg,F_5_LFD_NN_de.wav,filler,LFD,original,NA,groupC,non-native,NA
tripod.jpg,ear.jpg,F_6_LFD_NN_de.wav,filler,LFD,original,NA,groupC,non-native,NA
seahorse.jpg,paper.jpg,F_7_LFD_NN_de.wav,filler,LFD,original,NA,groupC,non-native,NA
ladle.jpg,butter.jpg,F_8_LFD_NN_de.wav,filler,LFD,original,NA,groupC,non-native,NA
firehydrant.jpg,doctor.jpg,F_9_LFD_NN_de.wav,filler,LFD,original,NA,groupC,non-native,NA
kangaroo.jpg,wood.jpg,F_10_LFD_NN_de.wav,filler,LFD,original,NA,groupC,non-native,NA
crib.jpg,road.jpg,F_11_LFD_NN_de.wav,filler,LFD,original,NA,groupC,non-native,NA
leopard.jpg,priest.jpg,F_12_LFD_NN_de.wav,filler,LFD,original,NA,groupC,non-native,NA
ladybug.jpg,suitcase.jpg,F_13_LFD_NN_de.wav,filler,LFD,original,NA,groupC,non-native,NA
drill.jpg,neck.jpg,F_14_LFD_NN_de.wav,filler,LFD,original,NA,groupC,non-native,NA
brush.jpg,rose.jpg,F_15_LFD_NN_de.wav,filler,LFD,original,NA,groupC,non-native,NA
walrus.jpg,net.jpg,F_16_LFD_NN_de.wav,filler,LFD,original,NA,groupC,non-native,NA
wine.jpg,penguin.jpg,F_1_HFF_NN_de.wav,filler,HFF,original,NA,groupC,non-native,NA
hat.jpg,peach.jpg,F_2_HFF_NN_de.wav,filler,HFF,original,NA,groupC,non-native,NA
cheese.jpg,butterfly.jpg,F_3_HFF_NN_de.wav,filler,HFF,original,NA,groupC,non-native,NA
floor.jpg,thimble.jpg,F_4_HFF_NN_de.wav,filler,HFF,original,NA,groupC,non-native,NA
man.jpg,beaver.jpg,F_5_HFF_NN_de.wav,filler,HFF,original,NA,groupC,non-native,NA
city.jpg,flute.jpg,F_6_HFF_NN_de.wav,filler,HFF,original,NA,groupC,non-native,NA
bar.jpg,artichoke.jpg,F_7_HFF_NN_de.wav,filler,HFF,original,NA,groupC,non-native,NA
woman.jpg,slide.jpg,F_8_HFF_NN_de.wav,filler,HFF,original,NA,groupC,non-native,NA
book.jpg,antlers.jpg,F_9_HFF_NN_de.wav,filler,HFF,original,NA,groupC,non-native,NA
piano.jpg,razor.jpg,F_10_HFF_NN_de.wav,filler,HFF,original,NA,groupC,non-native,NA
horse.jpg,iron.jpg,F_11_HFF_NN_de.wav,filler,HFF,original,NA,groupC,non-native,NA
glass.jpg,zebra.jpg,F_12_HFF_NN_de.wav,filler,HFF,original,NA,groupC,non-native,NA
boy.jpg,anvil.jpg,F_13_HFF_NN_de.wav,filler,HFF,original,NA,groupC,non-native,NA
fire.jpg,binoculars.jpg,F_14_HFF_NN_de.wav,filler,HFF,original,NA,groupC,non-native,NA
lips.jpg,safetypin.jpg,F_15_HFF_NN_de.wav,filler,HFF,original,NA,groupC,non-native,NA
rock.jpg,recordplayer.jpg,F_16_HFF_NN_de.wav,filler,HFF,original,NA,groupC,non-native,NA
hose.jpg,dog.jpg,T_1_LFF_D_NN_de.wav,target,LFF,1F,637,groupD,non-native,NA
snail.jpg,church.jpg,T_2_LFF_D_NN_de.wav,target,LFF,2F,692,groupD,non-native,NA
wateringcan.jpg,nose.jpg,T_3_LFF_D_NN_de.wav,target,LFF,3F,595,groupD,non-native,NA
strawberry.jpg,door.jpg,T_4_LFF_D_NN_de.wav,target,LFF,1F,637,groupD,non-native,NA
dolphin.jpg,fish.jpg,T_5_LFF_D_NN_de.wav,target,LFF,2F,692,groupD,non-native,NA
bat.jpg,hand.jpg,T_6_LFF_D_NN_de.wav,target,LFF,3F,595,groupD,non-native,NA
puzzle.jpg,eye.jpg,T_7_LFF_D_NN_de.wav,target,LFF,1F,637,groupD,non-native,NA
dinosaur.jpg,tree.jpg,T_8_LFF_D_NN_de.wav,target,LFF,2F,692,groupD,non-native,NA
saw.jpg,bottle.jpg,T_1_LFD_D_NN_de.wav,target,LFD,1D,2242,groupD,non-native,NA
harp.jpg,sun.jpg,T_2_LFD_D_NN_de.wav,target,LFD,2D,2337,groupD,non-native,NA
fan.jpg,moon.jpg,T_3_LFD_D_NN_de.wav,target,LFD,3D,2178,groupD,non-native,NA
alligator.jpg,car.jpg,T_4_LFD_D_NN_de.wav,target,LFD,1D,2242,groupD,non-native,NA
rhinoceros.jpg,baby.jpg,T_5_LFD_D_NN_de.wav,target,LFD,2D,2337,groupD,non-native,NA
snowman.jpg,bus.jpg,T_6_LFD_D_NN_de.wav,target,LFD,3D,2178,groupD,non-native,NA
ostrich.jpg,arm.jpg,T_7_LFD_D_NN_de.wav,target,LFD,1D,2242,groupD,non-native,NA
pumpkin.jpg,train.jpg,T_8_LFD_D_NN_de.wav,target,LFD,2D,2337,groupD,non-native,NA
table.jpg,highchair.jpg,T_1_HFF_D_NN_de.wav,target,HFF,1F,637,groupD,non-native,NA
factory.jpg,sewingmachine.jpg,T_2_HFF_D_NN_de.wav,target,HFF,2F,692,groupD,non-native,NA
stairs.jpg,wheelbarrow.jpg,T_3_HFF_D_NN_de.wav,target,HFF,3F,595,groupD,non-native,NA
rain.jpg,igloo.jpg,T_4_HFF_D_NN_de.wav,target,HFF,1F,637,groupD,non-native,NA
wall.jpg,swing.jpg,T_5_HFF_D_NN_de.wav,target,HFF,2F,692,groupD,non-native,NA
bridge.jpg,pineapple.jpg,T_6_HFF_D_NN_de.wav,target,HFF,3F,595,groupD,non-native,NA
cigarette.jpg,typewriter.jpg,T_7_HFF_D_NN_de.wav,target,HFF,2F,692,groupD,non-native,NA
king.jpg,vacuum.jpg,T_8_HFF_D_NN_de.wav,target,HFF,3F,595,groupD,non-native,NA
bench.jpg,toothbrush.jpg,T_1_HFD_D_NN_de.wav,target,HFD,1D,2242,groupD,non-native,NA
shoe.jpg,blimp.jpg,T_2_HFD_D_NN_de.wav,target,HFD,2D,2337,groupD,non-native,NA
chair.jpg,globe.jpg,T_3_HFD_D_NN_de.wav,target,HFD,3D,2178,groupD,non-native,NA
star.jpg,funnel.jpg,T_4_HFD_D_NN_de.wav,target,HFD,1D,2242,groupD,non-native,NA
telephone.jpg,unicorn.jpg,T_5_HFD_D_NN_de.wav,target,HFD,2D,2337,groupD,non-native,NA
tooth.jpg,cactus.jpg,T_6_HFD_D_NN_de.wav,target,HFD,3D,2178,groupD,non-native,NA
ball.jpg,earring.jpg,T_7_HFD_D_NN_de.wav,target,HFD,2D,2337,groupD,non-native,NA
flower.jpg,palmtree.jpg,T_8_HFD_D_NN_de.wav,target,HFD,3D,2178,groupD,non-native,NA
raccoon.jpg,smoke.jpg,F_1_LFD_NN_de.wav,filler,LFD,original,NA,groupD,non-native,NA
jumprope.jpg,house.jpg,F_2_LFD_NN_de.wav,filler,LFD,original,NA,groupD,non-native,NA
radish.jpg,bread.jpg,F_3_LFD_NN_de.wav,filler,LFD,original,NA,groupD,non-native,NA
pick.jpg,bride.jpg,F_4_LFD_NN_de.wav,filler,LFD,original,NA,groupD,non-native,NA
pencilsharpener.jpg,bird.jpg,F_5_LFD_NN_de.wav,filler,LFD,original,NA,groupD,non-native,NA
tripod.jpg,ear.jpg,F_6_LFD_NN_de.wav,filler,LFD,original,NA,groupD,non-native,NA
seahorse.jpg,paper.jpg,F_7_LFD_NN_de.wav,filler,LFD,original,NA,groupD,non-native,NA
ladle.jpg,butter.jpg,F_8_LFD_NN_de.wav,filler,LFD,original,NA,groupD,non-native,NA
firehydrant.jpg,doctor.jpg,F_9_LFD_NN_de.wav,filler,LFD,original,NA,groupD,non-native,NA
kangaroo.jpg,wood.jpg,F_10_LFD_NN_de.wav,filler,LFD,original,NA,groupD,non-native,NA
crib.jpg,road.jpg,F_11_LFD_NN_de.wav,filler,LFD,original,NA,groupD,non-native,NA
leopard.jpg,priest.jpg,F_12_LFD_NN_de.wav,filler,LFD,original,NA,groupD,non-native,NA
ladybug.jpg,suitcase.jpg,F_13_LFD_NN_de.wav,filler,LFD,original,NA,groupD,non-native,NA
drill.jpg,neck.jpg,F_14_LFD_NN_de.wav,filler,LFD,original,NA,groupD,non-native,NA
brush.jpg,rose.jpg,F_15_LFD_NN_de.wav,filler,LFD,original,NA,groupD,non-native,NA
walrus.jpg,net.jpg,F_16_LFD_NN_de.wav,filler,LFD,original,NA,groupD,non-native,NA
wine.jpg,penguin.jpg,F_1_HFF_NN_de.wav,filler,HFF,original,NA,groupD,non-native,NA
hat.jpg,peach.jpg,F_2_HFF_NN_de.wav,filler,HFF,original,NA,groupD,non-native,NA
cheese.jpg,butterfly.jpg,F_3_HFF_NN_de.wav,filler,HFF,original,NA,groupD,non-native,NA
floor.jpg,thimble.jpg,F_4_HFF_NN_de.wav,filler,HFF,original,NA,groupD,non-native,NA
man.jpg,beaver.jpg,F_5_HFF_NN_de.wav,filler,HFF,original,NA,groupD,non-native,NA
city.jpg,flute.jpg,F_6_HFF_NN_de.wav,filler,HFF,original,NA,groupD,non-native,NA
bar.jpg,artichoke.jpg,F_7_HFF_NN_de.wav,filler,HFF,original,NA,groupD,non-native,NA
woman.jpg,slide.jpg,F_8_HFF_NN_de.wav,filler,HFF,original,NA,groupD,non-native,NA
book.jpg,antlers.jpg,F_9_HFF_NN_de.wav,filler,HFF,original,NA,groupD,non-native,NA
piano.jpg,razor.jpg,F_10_HFF_NN_de.wav,filler,HFF,original,NA,groupD,non-native,NA
horse.jpg,iron.jpg,F_11_HFF_NN_de.wav,filler,HFF,original,NA,groupD,non-native,NA
glass.jpg,zebra.jpg,F_12_HFF_NN_de.wav,filler,HFF,original,NA,groupD,non-native,NA
boy.jpg,anvil.jpg,F_13_HFF_NN_de.wav,filler,HFF,original,NA,groupD,non-native,NA
fire.jpg,binoculars.jpg,F_14_HFF_NN_de.wav,filler,HFF,original,NA,groupD,non-native,NA
lips.jpg,safetypin.jpg,F_15_HFF_NN_de.wav,filler,HFF,original,NA,groupD,non-native,NA
rock.jpg,recordplayer.jpg,F_16_HFF_NN_de.wav,filler,HFF,original,NA,groupD,non-native,NA